pos_x,pos_y,current_speed,timestep
0.0,0.0,0.0,226967.0
0.0,0.0,0.0,226969.0
0.0,0.0,0.0,226971.0
0.0,0.0,0.0,226973.0
0.0,0.0,0.0,226975.0
0.0,0.0,0.0,226977.0
0.0,0.0,0.0,226979.0
0.0,0.0,0.0,226981.0
0.0,0.0,0.0,226983.0
0.0,0.0,0.0,226985.0
0.0,0.0,0.0,226987.0
0.0,0.0,0.0,226989.0
0.0,0.0,0.0,226991.0
0.0,0.0,0.0,226993.0
0.0,0.0,0.0,226995.0
0.0,0.0,0.0,226997.0
0.0,0.0,0.0,226999.0
0.0,0.0,0.0,227001.0
0.0,0.0,0.0,227003.0
0.0,0.0,0.0,227005.0
0.0,0.0,0.0,227007.0
0.0,0.0,0.0,227009.0
0.0,0.0,0.0,227011.0
0.0,0.0,0.0,227013.0
0.0,0.0,0.0,227015.0
0.0,0.0,0.0,227016.0
0.0,0.0,0.0,227017.0
0.0,0.0,0.0,227018.0
0.0,0.0,0.0,227019.0
0.0,0.0,0.0,227020.0
0.0,0.0,0.0,227021.0
0.0,0.0,0.0,227022.0
0.0,0.0,0.0,227023.0
0.0,0.0,0.0,227024.0
0.0,0.0,0.0,227025.0
0.0,0.0,0.0,227026.0
0.0,0.0,0.0,227027.0
0.0,0.0,0.0,227028.0
0.0,0.0,0.0,227029.0
0.0,0.0,0.0,227030.0
0.0,0.0,0.0,227031.0
0.0,0.0,0.0,227032.0
0.0,0.0,0.0,227033.0
0.0,0.0,0.0,227034.0
0.0,0.0,0.0,227035.0
0.0,0.0,0.0,227036.0
0.0,0.0,0.0,227037.0
0.0,0.0,0.0,227038.0
0.0,0.0,0.0,227039.0
0.0,0.0,0.0,227040.0
0.0,0.0,0.0,227041.0
0.0,0.0,0.0,227042.0
0.0,0.0,0.0,227043.0
0.0,0.0,0.0,227044.0
0.0,0.0,0.0,227045.0
0.0,0.0,0.0,227046.0
0.0,0.0,0.0,227047.0
0.0,0.0,0.0,227048.0
0.0,0.0,0.0,227049.0
0.0,0.0,0.0,227050.0
0.0,0.0,0.0,227051.0
-1.9634954084936205e-06,0.0,-0.25,227052.0
-1.9634954084936205e-06,0.0,0.0,227053.0
-3.926990816987241e-06,0.0,-0.25,227054.0
-3.926990816987241e-06,0.0,0.0,227055.0
-5.8904862254808615e-06,0.0,-0.25,227056.0
-5.8904862254808615e-06,0.0,0.0,227057.0
-1.1780972450961725e-05,0.0,-0.75,227058.0
-1.1780972450961725e-05,0.0,0.0,227059.0
-1.5707963267948964e-05,0.0,-0.5,227060.0
-1.5707963267948964e-05,0.0,0.0,227061.0
-1.7671458676442585e-05,0.0,-0.25,227062.0
-1.7671458676442585e-05,0.0,0.0,227063.0
-2.1598449493429828e-05,0.0,-0.5,227064.0
-2.1598449493429828e-05,0.0,0.0,227065.0
-2.7488935718910692e-05,0.0,-0.75,227066.0
-2.5525440310417074e-05,-7.75814101933361e-14,0.25,227067.0
-2.7488935718910692e-05,0.0,-0.25,227068.0
-2.3561944901923463e-05,-3.0168992113474515e-13,0.5,227069.0
-4.7123889803846845e-05,1.5084496056737258e-12,-3.0,227070.0
-3.9269908169872387e-05,9.050697634042355e-13,1.0,227071.0
-0.00010013826583317445,5.581263540992785e-12,-7.75,227072.0
-6.086835766331857e-05,-3.045617729370224e-11,5.0,227073.0
-0.00018653206380685736,8.486363337732182e-11,-16.0,227074.0
-5.890486225493827e-05,-1.2113896853769318e-10,16.25,227075.0
-0.00032594023780972286,3.098818600844921e-10,-34.0,227076.0
-3.5342917361775466e-05,-1.990945717288749e-09,37.0,227077.0
-0.0005753041546805966,2.2842406595872054e-09,-68.75,227078.0
-3.5342917396384175e-05,-5.175787632003962e-09,68.75,227079.0
-0.00042215151283271076,1.683053623358917e-10,-49.25,227080.0
-0.000860010988909077,4.106575366777427e-09,-55.75,227081.0
-0.000987638190456,5.2545016012559006e-09,-16.25,227082.0
-0.001075995483835372,5.963040551412602e-09,-11.25,227083.0
-0.001280199006312143,7.600552791774755e-09,-26.0,227084.0
-0.0014058627124540087,8.259167317046277e-09,-16.0,227085.0
-0.001653263133920807,9.555814663674585e-09,-31.5,227086.0
-0.0025761059758067713,-4.433887766017405e-09,-117.5,227087.0
-0.0028961557273544567,-9.285635629931862e-09,-40.75,227088.0
-0.003942698779707631,-3.726168767957454e-08,-133.25,227089.0
-0.004249004063323194,-4.5449800474591914e-08,-39.0,227090.0
-0.005391758390180926,-9.043806477705979e-08,-145.5,227091.0
-0.0057314430955870905,-1.0381086499067997e-07,-43.25,227092.0
-0.0069998611267220534,-1.873642011076852e-07,-161.5,227093.0
-0.006065237314306818,-1.2579858502147083e-07,119.0,227094.0
-0.008719883090890817,-4.145070355303372e-07,-338.0,227095.0
-0.007716536943084291,-3.0538719957617247e-07,127.75,227096.0
-0.010522371842491255,-7.751843155414476e-07,-357.25,227097.0
-0.00946208433676714,-5.976542647218195e-07,135.0,227098.0
-0.012373947969425118,-1.1795307227756003e-06,-370.75,227099.0
-0.011276354057991666,-9.60199003252968e-07,139.75,227100.0
-0.014298173409105004,-1.6665649234380801e-06,-384.75,227101.0
-0.01312596668225987,-1.3925555313974617e-06,149.25,227102.0
-0.01626363219942748,-2.348442976316337e-06,-399.5,227103.0
-0.013970269668731754,-1.6497718025583606e-06,292.0,227104.0
-0.017212000361149924,-2.862939920578589e-06,-412.75,227105.0
-0.01607120960869992,-2.4360164338615975e-06,145.25,227106.0
-0.019399334043478184,-3.8075770895202455e-06,-423.75,227107.0
-0.0182408718508415,-3.330160696105141e-06,147.5,227108.0
-0.021616120115198534,-4.851464078526316e-06,-429.75,227109.0
-0.020416424542468954,-4.310733207869342e-06,152.75,227110.0
-0.02090140785848328,-4.53070008745008e-06,-61.75,227111.0
-0.021406026126562963,-4.759572508714249e-06,-64.25,227112.0
-0.021959731773170534,-5.014289223800222e-06,-70.5,227113.0
-0.022460423049358233,-5.244618168292856e-06,-63.75,227114.0
-0.022998420732787118,-5.4955045449380895e-06,-68.5,227115.0
-0.02349911200751108,-5.728993691086025e-06,-63.75,227116.0
-0.024060671629774318,-5.998280252594988e-06,-71.5,227117.0
-0.024590815329113738,-6.252501831641911e-06,-67.5,227118.0
-0.02513077650270599,-6.514871852588701e-06,-68.75,227119.0
-0.025684482142535135,-6.783920383159591e-06,-70.5,227120.0
-0.026224443314424625,-7.049771613403183e-06,-68.75,227121.0
-0.02676833147665513,-7.3175563071394555e-06,-69.25,227122.0
-0.02730829264527172,-7.589973923110634e-06,-68.75,227123.0
-0.029006715957465717,-8.44685115152907e-06,-216.25,227124.0
-0.026650521767138786,-7.258119736382107e-06,300.0,227125.0
-0.02998846353676861,-8.942155907840305e-06,-425.0,227126.0
-0.02881625692708096,-8.350762028804691e-06,149.25,227127.0
-0.03217579714345544,-1.0045694904901735e-05,-427.75,227128.0
-0.02986083635145923,-8.877766289519844e-06,294.75,227129.0
-0.0315494421878602,-9.729690470375168e-06,-215.0,227130.0
-0.029206992463643507,-8.547893321816562e-06,298.25,227131.0
-0.03261954704930035,-1.0269572654754412e-05,-434.5,227132.0
-0.030310476742779955,-9.104615867910389e-06,294.0,227133.0
-0.033707323367167946,-1.081837032474726e-05,-432.5,227134.0
-0.03139628956548895,-9.652422928390614e-06,294.25,227135.0
-0.03480688065598718,-1.1373111651815842e-05,-434.25,227136.0
-0.032478175397880726,-1.0198248769845594e-05,296.5,227137.0
-0.034153036768171455,-1.104323868411256e-05,-213.25,227138.0
-0.034663545509408956,-1.1300797157394402e-05,-65.0,227139.0
-0.03634822435549271,-1.215074011922448e-05,-214.5,227140.0
-0.036899966495060936,-1.2429101392271394e-05,-70.25,227141.0
-0.03741243873145705,-1.2687650475065857e-05,-65.25,227142.0
-0.03794847290975643,-1.2958086872011792e-05,-68.25,227143.0
-0.03845505466067672,-1.3213664126268389e-05,-64.5,227144.0
-0.03897145388897952,-1.3471024616342053e-05,-65.75,227145.0
-0.03948785311728232,-1.3728385106415717e-05,-65.75,227146.0
-0.04002585079239627,-1.3996509723450635e-05,-68.5,227147.0
-0.03890273155821679,-1.3436775121465329e-05,143.0,227148.0
-0.039452510204318635,-1.3710771080479114e-05,-70.0,227149.0
-0.038329390970139154,-1.315103647849381e-05,143.0,227150.0
-0.041665369254878556,-1.4813604815509604e-05,-424.75,227151.0
-0.039379860883226606,-1.3674564471609437e-05,291.0,227152.0
-0.04265300737611747,-1.5194856120080743e-05,-416.75,227153.0
-0.040418549842278356,-1.4157008552018147e-05,284.5,227154.0
-0.04360530259922412,-1.5518970804998503e-05,-405.75,227155.0
-0.04141993240915595,-1.4584981903231938e-05,278.25,227156.0
-0.0445477803558208,-1.5807896893458875e-05,-398.25,227157.0
-0.04346393097317234,-1.5384137273493232e-05,138.0,227158.0
-0.04652305662643981,-1.647125992372205e-05,-389.5,227159.0
-0.04539601033313074,-1.6070741052585117e-05,143.5,227160.0
-0.048484588453127274,-1.7057299230363763e-05,-393.25,227161.0
-0.04628154671718569,-1.6353600390269904e-05,280.5,227162.0
-0.047797365103519826,-1.6811041638520803e-05,-193.0,227163.0
-0.04820969912052782,-1.693547513869268e-05,-52.5,227164.0
-0.048671120521254135,-1.707224402977612e-05,-58.75,227165.0
-0.049122724445369255,-1.720610294445353e-05,-57.5,227166.0
-0.04955076642624429,-1.733084536304965e-05,-54.5,227167.0
-0.050000406855695595,-1.746188212386851e-05,-57.25,227168.0
-0.05040685038855017,-1.757840742961939e-05,-51.75,227169.0
-0.05084863683730514,-1.7705065370652953e-05,-56.25,227170.0
-0.051278642314704935,-1.7826193604302517e-05,-54.75,227171.0
-0.051716501773427105,-1.7949534225781295e-05,-55.75,227172.0
-0.05334031242018232,-1.837625534446977e-05,-206.75,227173.0
-0.05375068294638769,-1.8484096594537353e-05,-52.25,227174.0
-0.05423959328622088,-1.861257731830208e-05,-62.25,227175.0
-0.05467941624253669,-1.872815837100609e-05,-56.0,227176.0
-0.055164399591688486,-1.885560712108596e-05,-61.75,227177.0
-0.05566901789424724,-1.8988215739590118e-05,-64.25,227178.0
-0.05566901789424724,-1.8988215739590118e-05,0.0,227179.0
-0.05911298872182722,-1.9893256661209925e-05,-438.5,227180.0
-0.05662916711584736,-1.9240533305537717e-05,316.25,227181.0
-0.06012222532694474,-2.015847389821824e-05,-444.75,227182.0
-0.057606987795513744,-1.9497494753067172e-05,320.25,227183.0
-0.061078447557863465,-2.040975949048098e-05,-442.0,227184.0
-0.05981984704447762,-2.0079011924484233e-05,160.25,227185.0
-0.06329523379750873,-2.09923086355829e-05,-442.5,227186.0
-0.060734835873241744,-2.0319461793055973e-05,326.0,227187.0
-0.06420433214025077,-2.1231210543627353e-05,-441.75,227188.0
-0.06167731363677561,-2.0567135477421716e-05,321.75,227189.0
-0.0633973355552249,-2.101913995138919e-05,-219.0,227190.0
-0.0609311854073113,-2.0371060477298837e-05,314.0,227191.0
-0.06438890070227615,-2.1279713306815643e-05,-440.25,227192.0
-0.061973801433220635,-2.0645049490628436e-05,307.5,227193.0
-0.06369971383769202,-2.1098601925123196e-05,-219.75,227194.0
-0.0653824293446681,-2.1540802649084527e-05,-214.25,227195.0
-0.06592828104938146,-2.1684246991279684e-05,-69.5,227196.0
-0.06640148342648909,-2.1808599820304982e-05,-60.25,227197.0
-0.06809205291482795,-2.225286449163603e-05,-215.25,227198.0
-0.0685986347127274,-2.2385989096982615e-05,-64.5,227199.0
-0.06918768331493606,-2.25407851497112e-05,-75.0,227200.0
-0.07092144970077023,-2.2996401531575677e-05,-220.75,227201.0
-0.07153798723774864,-2.3158421400098265e-05,-78.5,227202.0
-0.07212114535393521,-2.3311669492299565e-05,-74.25,227203.0
-0.07275928133966127,-2.3479365216088867e-05,-81.25,227204.0
-0.07449108423015474,-2.3934465611110914e-05,-220.5,227205.0
-0.07508602331838549,-2.4090809624366787e-05,-75.75,227206.0
-0.07563776550912094,-2.423580192708923e-05,-70.25,227207.0
-0.0762228871206482,-2.438956600613296e-05,-74.5,227208.0
-0.07796647098318585,-2.4847762322209577e-05,-222.0,227209.0
-0.07682960718092313,-2.4549005940443404e-05,144.75,227210.0
-0.08034819083144955,-2.54736543620755e-05,-448.0,227211.0
-0.07794290903909751,-2.4841570480100433e-05,306.25,227212.0
-0.08143596721151079,-2.589649536362882e-05,-444.75,227213.0
-0.07896785359558978,-2.515110999061298e-05,314.25,227214.0
-0.08239807988117645,-2.6301945335517573e-05,-436.75,227215.0
-0.0811650048340394,-2.5888250660875282e-05,157.0,227216.0
-0.08450883732651455,-2.701010102857564e-05,-425.75,227217.0
-0.08327379878407952,-2.659574760445143e-05,157.25,227218.0
-0.08654105491963181,-2.780608399340302e-05,-416.0,227219.0
-0.08395120465352997,-2.6846688742785745e-05,329.75,227220.0
-0.08717133690251179,-2.8039568356896686e-05,-410.0,227221.0
-0.08584990458326498,-2.7550051295740183e-05,168.25,227222.0
-0.08907396382279434,-2.8744385641087844e-05,-410.5,227223.0
-0.08638004830718271,-2.7746440012697473e-05,343.0,227224.0
-0.08795084453569671,-2.830210047659632e-05,-200.0,227225.0
-0.0869062650437349,-2.7932586268103586e-05,133.0,227226.0
-0.08849080574846609,-2.84664156611851e-05,-201.75,227227.0
-0.0901853021898329,-2.9037288977454426e-05,-215.75,227228.0
-0.09039932317737645,-2.9108905354881433e-05,-27.25,227229.0
-0.09208203864824643,-2.9671980909513955e-05,-214.25,227230.0
-0.09229605963587123,-2.974335410582127e-05,-27.25,227231.0
-0.09266519675214151,-2.9866456499452234e-05,-47.0,227232.0
-0.0928556557963028,-2.9929586444321958e-05,-24.25,227233.0
-0.09332885816375508,-3.00864350702354e-05,-60.25,227234.0
-0.09352913468441953,-3.0152819135974696e-05,-25.5,227235.0
-0.09408087686389709,-3.0335700728844724e-05,-70.25,227236.0
-0.09430667882346976,-3.0410545508844912e-05,-28.75,227237.0
-0.09491536236666563,-3.061230100275847e-05,-77.5,227238.0
-0.09514312782153893,-3.068779660693257e-05,-29.0,227239.0
-0.0957577018506367,-3.089150457336787e-05,-78.25,227240.0
-0.09446375844752031,-3.0462611442758086e-05,164.75,227241.0
-0.09626624713350036,-3.1060068034411774e-05,-229.5,227242.0
-0.09360963799174545,-3.0179502927105198e-05,338.25,227243.0
-0.09688671164850003,-3.126572847336882e-05,-417.25,227244.0
-0.09556527931117478,-3.082772380432423e-05,168.25,227245.0
-0.09885609743503379,-3.191850511980525e-05,-419.0,227246.0
-0.09614647392016182,-3.1020367759802975e-05,345.0,227247.0
-0.0978272258975027,-3.157747325267395e-05,-214.0,227248.0
-0.09509207694372251,-3.067087517841079e-05,348.25,227249.0
-0.09839860302998658,-3.176686308728313e-05,-421.0,227250.0
-0.09559669526154363,-3.0763987967332005e-05,356.75,227251.0
-0.09890518481292862,-3.194818178451326e-05,-421.25,227252.0
-0.097515030159415,-3.143235697639928e-05,177.0,227253.0
-0.10078817678004665,-3.264687668702922e-05,-416.75,227254.0
-0.09797252458687922,-3.152723461319118e-05,358.5,227255.0
-0.09959633516132096,-3.217294172271981e-05,-206.75,227256.0
-0.10122996322185768,-3.279734673275193e-05,-208.0,227257.0
-0.10144202071048504,-3.287839930616956e-05,-27.0,227258.0
-0.1030403058652903,-3.3465168388842135e-05,-203.5,227259.0
-0.10325629034566938,-3.3544461508122214e-05,-27.5,227260.0
-0.10341140647257036,-3.3601181130625736e-05,-19.75,227261.0
-0.10361364648612478,-3.367513203085185e-05,-25.75,227262.0
-0.1038217769856601,-3.375082770335761e-05,-26.5,227263.0
-0.10407506787660402,-3.384294790857688e-05,-32.25,227264.0
-0.10429301585269522,-3.3921765486038085e-05,-27.75,227265.0
-0.10461502907863178,-3.4038216681566355e-05,-41.0,227266.0
-0.10478781666338241,-3.4100420705983657e-05,-22.0,227267.0
-0.10515106329041497,-3.423119053004276e-05,-46.25,227268.0
-0.10664724670219505,-3.474867779231588e-05,-190.5,227269.0
-0.10543577010761722,-3.432966251564591e-05,154.25,227270.0
-0.10859699755744417,-3.532865475276895e-05,-402.5,227271.0
-0.1060562346257199,-3.4525738010634036e-05,323.5,227272.0
-0.10915266675759497,-3.5413697247592604e-05,-394.25,227273.0
-0.10799616800954524,-3.508204982174061e-05,147.25,227274.0
-0.11111223511964757,-3.5883930872442024e-05,-396.75,227275.0
-0.10997144432508585,-3.559036257347698e-05,145.25,227276.0
-0.11312678136485528,-3.6308314304154526e-05,-401.75,227277.0
-0.11198402706669361,-3.6048296938097074e-05,145.5,227278.0
-0.11512561965878672,-3.666990380757725e-05,-400.0,227279.0
-0.11395537641823204,-3.6438355248695884e-05,149.0,227280.0
-0.1171067864960879,-3.701510490584515e-05,-401.25,227281.0
-0.11450122813265193,-3.6538253320152264e-05,331.75,227282.0
-0.11767620015501512,-3.711931512427087e-05,-404.25,227283.0
-0.11646668700363867,-3.68979582465114e-05,154.0,227284.0
-0.11815136603591302,-3.720627675481923e-05,-214.5,227285.0
-0.11967700194276286,-3.748548827108402e-05,-194.25,227286.0
-0.1200579200453471,-3.75567379220897e-05,-48.5,227287.0
-0.12019929171228558,-3.758318109153511e-05,-18.0,227288.0
-0.12056450185161029,-3.76529020978486e-05,-46.5,227289.0
-0.12213726164515382,-3.7953152237940584e-05,-200.25,227290.0
-0.12245534789543248,-3.801440334882284e-05,-40.5,227291.0
-0.12406541410054674,-3.832443983600463e-05,-205.0,227292.0
-0.12439528132283748,-3.838909429848331e-05,-42.0,227293.0
-0.12602301898521262,-3.870813328297633e-05,-207.25,227294.0
-0.12625863842959245,-3.8754890799595094e-05,-30.0,227295.0
-0.12790404754951162,-3.908141412398279e-05,-209.5,227296.0
-0.12810236058186464,-3.912076836713691e-05,-25.25,227297.0
-0.12819071787350708,-3.913830243586895e-05,-11.25,227298.0
-0.12671416936003613,-3.882275952258403e-05,188.0,227299.0
-0.12997357166370874,-3.951930371946297e-05,-415.0,227300.0
-0.12691640938249293,-3.8865978831185554e-05,389.25,227301.0
-0.13011887032061945,-3.955035448486601e-05,-407.75,227302.0
-0.127053854057949,-3.8895351176837074e-05,390.25,227303.0
-0.13027398645434843,-3.958350327495844e-05,-410.0,227304.0
-0.1287444235660587,-3.9256631028350793e-05,194.75,227305.0
-0.13190761459691205,-3.993261458327367e-05,-402.75,227306.0
-0.13035056277907972,-3.9574844676829225e-05,198.25,227307.0
-0.133490191854381,-4.029624957015164e-05,-399.75,227308.0
-0.13196455596225523,-3.994569822424075e-05,194.25,227309.0
-0.1350747326072066,-4.0660335717062955e-05,-396.0,227310.0
-0.13208040219929787,-3.9926003917894496e-05,381.25,227311.0
-0.13215108803189063,-3.9943287404846355e-05,-9.0,227313.0
-0.13216679599468903,-3.994712817972455e-05,-2.0,227314.0
-0.1337748986794251,-4.036702465064373e-05,-204.75,227315.0
-0.13380631460489004,-4.0375227756302715e-05,-4.0,227316.0
-0.13548117612341928,-4.0841543078080415e-05,-213.25,227317.0
-0.13555382545071773,-4.086177012017394e-05,-9.25,227318.0
-0.13584245926409408,-4.0943855376757114e-05,-36.75,227319.0
-0.13589154664732134,-4.0957815454407315e-05,-6.25,227320.0
-0.13622730434844602,-4.1053827863623406e-05,-42.75,227321.0
-0.1363215521242003,-4.108077871533318e-05,-12.0,227322.0
-0.13812011383486525,-4.162887954888238e-05,-229.0,227323.0
-0.13823596005858713,-4.1664182986851155e-05,-14.75,227324.0
-0.13999525185267725,-4.223289095702675e-05,-224.0,227325.0
-0.13859135270895578,-4.1779067074576356e-05,178.75,227326.0
-0.13889765797602854,-4.188006873337938e-05,-39.0,227327.0
-0.13751732077889933,-4.142491382223499e-05,175.75,227328.0
-0.1409200580522388,-4.2779395133378184e-05,-433.25,227329.0
-0.13952597642265369,-4.22244720341793e-05,177.5,227330.0
-0.1429169326993907,-4.363587602404824e-05,-431.75,227331.0
-0.14152088758488,-4.305480582323943e-05,177.75,227332.0
-0.14319771250568797,-4.378283709549134e-05,-213.5,227333.0
-0.14031530151769486,-4.253137350337682e-05,367.0,227334.0
-0.14378283403061548,-4.415148998988173e-05,-441.5,227335.0
-0.14086115318167672,-4.278640882797951e-05,372.0,227336.0
-0.14433261262216115,-4.4537668847481324e-05,-442.0,227337.0
-0.14288551669023977,-4.380764699546049e-05,184.25,227338.0
-0.14639428247741015,-4.569538558625785e-05,-446.75,227339.0
-0.14493933259028466,-4.491261317675542e-05,185.25,227340.0
-0.14672414964031585,-4.590571564698599e-05,-227.25,227341.0
-0.14523385685596638,-4.507649147217301e-05,189.75,227342.0
-0.14880349071106508,-4.746267490882075e-05,-454.5,227343.0
-0.14735639491832153,-4.6495338719156626e-05,184.25,227344.0
-0.14913728481093116,-4.775132094379817e-05,-226.75,227345.0
-0.15094370013750324,-4.902530511873777e-05,-230.0,227346.0
-0.15127945776719678,-4.926443999106907e-05,-42.75,227347.0
-0.15311532550850357,-5.0571990316389346e-05,-233.75,227348.0
-0.1516525217673988,-4.957725024436722e-05,186.25,227349.0
-0.15207467318261694,-4.986432288260179e-05,-53.75,227350.0
-0.152469335667302,-5.01344175535505e-05,-50.25,227351.0
-0.154320911403909,-5.1401578124220315e-05,-235.75,227352.0
-0.15468612146234087,-5.1654455116361614e-05,-46.5,227353.0
-0.15649842728993568,-5.2909323201019785e-05,-230.75,227354.0
-0.1568498928819079,-5.315540493120587e-05,-44.75,227355.0
-0.15866416219465837,-5.442568157194299e-05,-231.0,227356.0
-0.15905097069299842,-5.4699805449858475e-05,-49.25,227357.0
-0.16087505746943448,-5.5992501300536064e-05,-232.25,227358.0
-0.1612461580062884,-5.62585274435019e-05,-47.25,227359.0
-0.16305060982305422,-5.755206196935167e-05,-229.75,227360.0
-0.1616467109362447,-5.6589091046308286e-05,178.75,227361.0
-0.1652143812541928,-5.903624932207028e-05,-454.25,227362.0
-0.16385171573381385,-5.814247239858994e-05,173.5,227363.0
-0.16742527660858286,-6.04863830624721e-05,-455.0,227364.0
-0.16467638352383443,-5.884986042082462e-05,350.0,227365.0
-0.16825976200931006,-6.098318457868652e-05,-456.25,227366.0
-0.16557370067656635,-5.95430299475507e-05,342.0,227367.0
-0.16912762685512348,-6.14484976978108e-05,-452.5,227368.0
-0.16644745597092395,-6.008192808435525e-05,341.25,227369.0
-0.1699738932661784,-6.187999330469678e-05,-449.0,227370.0
-0.16732513828668727,-6.056470216281693e-05,337.25,227371.0
-0.1708967359943925,-6.233824892862824e-05,-454.75,227372.0
-0.16827154292010343,-6.111099099831024e-05,334.25,227373.0
-0.17003672509944964,-6.193620033215908e-05,-224.75,227374.0
-0.1705413433616064,-6.217777893393992e-05,-64.25,227375.0
-0.17231437951229725,-6.302659402113094e-05,-225.75,227376.0
-0.17279150884064762,-6.325758326833423e-05,-60.75,227377.0
-0.1732548937027492,-6.348191850430122e-05,-59.0,227378.0
-0.17378700089451013,-6.37427762966897e-05,-67.75,227379.0
-0.1742346777938514,-6.396224336925271e-05,-57.0,227380.0
-0.17610392517871284,-6.491737915167309e-05,-238.0,227381.0
-0.1766006894522107,-6.517121250561464e-05,-63.25,227382.0
-0.1771347601318752,-6.544746271014727e-05,-68.0,227383.0
-0.177676684792123,-6.572777541768773e-05,-69.0,227384.0
-0.1782068284799645,-6.600493913911184e-05,-67.5,227385.0
-0.17879587702201058,-6.631289882958308e-05,-75.0,227386.0
-0.1793279842049922,-6.659108908330876e-05,-67.75,227387.0
-0.18114029021935402,-6.75385783976586e-05,-230.75,227388.0
-0.18169006885859704,-6.782600744209842e-05,-70.0,227389.0
-0.1805100082793647,-6.720906152885439e-05,150.25,227390.0
-0.18289565487465137,-6.845629827526288e-05,-303.75,227391.0
-0.18171755779055918,-6.784037889432042e-05,150.0,227392.0
-0.18537358574152527,-6.975178203984521e-05,-465.5,227393.0
-0.1829663406996969,-6.849325343811943e-05,306.5,227394.0
-0.18663218612636373,-7.040978924515209e-05,-466.75,227395.0
-0.18546587001311246,-6.980002905801904e-05,148.5,227396.0
-0.18906299310987393,-7.168063623449672e-05,-458.0,227397.0
-0.18667734651458726,-7.043339948808822e-05,303.75,227398.0
-0.19027643310648887,-7.231503319686747e-05,-458.25,227399.0
-0.1878986404917628,-7.107190257966525e-05,302.75,227400.0
-0.1914741651419826,-7.294121790082564e-05,-455.25,227401.0
-0.19034711893153441,-7.235198835972402e-05,143.5,227402.0
-0.19395798649427695,-7.423978126231269e-05,-459.75,227403.0
-0.19159393834553196,-7.300383637122147e-05,301.0,227404.0
-0.19519498843257374,-7.48864966123023e-05,-458.5,227405.0
-0.19585079580938505,-7.522935840102694e-05,-83.5,227407.0
-0.19642217289516975,-7.552807930078404e-05,-72.75,227408.0
-0.1971113596893637,-7.588839213863538e-05,-87.75,227409.0
-0.19769648124112948,-7.619429876450348e-05,-74.5,227410.0
-0.19843475541382724,-7.658027490989409e-05,-94.0,227411.0
-0.20028633133099213,-7.754829487027533e-05,-235.75,227412.0
-0.20100300705714821,-7.792297916034867e-05,-91.25,227413.0
-0.2016764858902209,-7.827507973978745e-05,-85.75,227414.0
-0.20237745365525575,-7.864155177144821e-05,-89.25,227415.0
-0.20300969909038521,-7.8972095172554e-05,-80.5,227416.0
-0.20187676239451657,-7.837978603454766e-05,144.25,227417.0
-0.20253846025674835,-7.872572742017702e-05,-84.25,227418.0
-0.20144282996854262,-7.815292239590052e-05,139.5,227419.0
-0.20518917869595577,-8.011154602729757e-05,-477.0,227420.0
-0.20290563388095803,-7.885615248516552e-05,290.75,227421.0
-0.20667161750534813,-8.092652635774445e-05,-479.5,227422.0
-0.20433702181744415,-7.964306726780891e-05,297.25,227423.0
-0.20806373553959867,-8.16918522574621e-05,-474.5,227424.0
-0.2069052734236497,-8.105498021115263e-05,147.5,227425.0
-0.21063787763113956,-8.310700353324468e-05,-475.25,227426.0
-0.2093989122156077,-8.242587427693742e-05,157.75,227427.0
-0.2131020639964209,-8.446170593683517e-05,-471.5,227428.0
-0.21195538285114257,-8.383131055540342e-05,146.0,227429.0
-0.21562515521505554,-8.584879166481428e-05,-467.25,227430.0
-0.21324736263469246,-8.454158480366043e-05,302.75,227431.0
-0.21687786509636986,-8.653747703014554e-05,-462.25,227432.0
-0.21446472960399476,-8.521084017435852e-05,307.25,227433.0
-0.21806381614388373,-8.718946129450304e-05,-458.25,227434.0
-0.21562515521505554,-8.584879166481428e-05,310.5,227435.0
-0.2191888988429325,-8.780798279032562e-05,-453.75,227436.0
-0.21672274894408136,-8.652405993555965e-05,314.0,227437.0
-0.21848204059166942,-8.74399794243099e-05,-224.0,227438.0
-0.21902200175402428,-8.772453793226948e-05,-68.75,227439.0
-0.21953643747961327,-8.799564458348914e-05,-65.5,227440.0
-0.2213114370730102,-8.894873349975264e-05,-226.0,227441.0
-0.2218278362910007,-8.922601489906381e-05,-65.75,227442.0
-0.22236583395537102,-8.951489361925872e-05,-68.5,227443.0
-0.2240681842291267,-9.042897336527692e-05,-216.75,227444.0
-0.22458458344860988,-9.070346070857143e-05,-65.75,227445.0
-0.22508331121191302,-9.096855494886346e-05,-63.5,227446.0
-0.22680725993703182,-9.188490433066034e-05,-219.5,227447.0
-0.22558007548008507,-9.123260551104412e-05,156.25,227448.0
-0.2261102191622579,-9.152040773451127e-05,-67.5,227449.0
-0.22657360401037935,-9.177196819650477e-05,-59.0,227450.0
-0.2270880397283925,-9.205708812407072e-05,-65.5,227451.0
-0.22580784091868036,-9.134755303715088e-05,163.0,227452.0
-0.2292655556486275,-9.352309674097303e-05,-440.25,227453.0
-0.22794608699529162,-9.269290629862863e-05,168.0,227454.0
-0.2296229117054509,-9.38048736807334e-05,-213.5,227455.0
-0.22695844902197768,-9.203796532298612e-05,339.25,227456.0
-0.23032780640211037,-9.427231664346832e-05,-429.0,227457.0
-0.22896514088823386,-9.336868038681643e-05,173.5,227458.0
-0.232344315821711,-9.548792480840472e-05,-430.25,227459.0
-0.22956597036507526,-9.374548967967291e-05,353.75,227460.0
-0.23293925488727127,-9.573991957040195e-05,-429.5,227461.0
-0.23154517339090389,-9.491567904512976e-05,177.5,227462.0
-0.23486544354633665,-9.687876457785549e-05,-422.75,227463.0
-0.23201248521644677,-9.519197375641818e-05,363.25,227464.0
-0.23534649983733666,-9.71631856041818e-05,-424.5,227465.0
-0.23395634533109988,-9.634126688320616e-05,177.0,227466.0
-0.23725698053587957,-9.829274339444918e-05,-420.25,227467.0
-0.23586486253457747,-9.746966377132527e-05,177.25,227468.0
-0.23586486253457747,-9.746966377132527e-05,0.0,227469.0
-0.23610244543747952,-9.761013293126602e-05,-30.25,227470.0
-0.23629683144894484,-9.772506224394481e-05,-24.75,227471.0
-0.23795598477912858,-9.870602455923354e-05,-211.25,227472.0
-0.23817785972150818,-9.883720650198813e-05,-28.25,227473.0
-0.23842722359480206,-9.898464107481851e-05,-31.75,227474.0
-0.23702528813069848,-9.813483667870153e-05,178.5,227475.0
-0.23723930909090477,-9.826456872236645e-05,-27.25,227476.0
-0.23746903801115177,-9.840438447301018e-05,-29.25,227477.0
-0.23769287644626422,-9.854061520440664e-05,-28.5,227478.0
-0.23625952503750694,-9.771211524535956e-05,182.5,227479.0
-0.23651870638813155,-9.786192619685848e-05,-33.0,227480.0
-0.23676414327281503,-9.800444457446704e-05,-31.25,227481.0
-0.2370233246230408,-9.815494398122166e-05,-33.0,227482.0
-0.23872960180976419,-9.920524591035897e-05,-217.25,227483.0
-0.2390103815999845,-9.937808040502713e-05,-35.75,227484.0
-0.23755935874204095,-9.852813001441102e-05,184.75,227485.0
-0.23957194119047417,-9.97070192571465e-05,-256.25,227486.0
-0.23813073579481656,-9.88854393923849e-05,183.5,227487.0
-0.241657172975472,-0.00010089573562823206,-449.0,227488.0
-0.24020811358660132,-0.00010009254554543298,184.5,227489.0
-0.24379149215664067,-0.00010207875408352016,-456.25,227490.0
-0.24090515430067838,-0.00010056963001285083,367.5,227491.0
-0.2444787154556793,-0.00010243806933844144,-455.0,227492.0
-0.2416061220201179,-0.00010102599566784024,365.75,227493.0
-0.24339093913079823,-0.00010190335381314201,-227.25,227494.0
-0.2405163821572394,-0.00010058030193947158,366.0,227495.0
-0.2440840529365812,-0.00010222236837011308,-454.25,227496.0
-0.24264677443962343,-0.00010158333918037615,183.0,227497.0
-0.2462596056341621,-0.0001031896420616821,-460.0,227498.0
-0.24483607159406445,-0.00010257879234569709,181.25,227499.0
-0.24850584417467483,-0.00010415352078593983,-467.25,227500.0
-0.2471235435255868,-0.0001035811732491926,176.0,227501.0
-0.2489103241941523,-0.0001043209974799312,-227.5,227502.0
-0.2507128128096419,-0.00010510270770506069,-229.5,227503.0
-0.25109962136873937,-0.00010527046033507213,-49.25,227504.0
-0.2529237084156168,-0.00010609777251906987,-232.25,227505.0
-0.25330658998089245,-0.00010627142792905863,-48.75,227506.0
-0.2551110420592736,-0.00010712529387895508,-229.75,227507.0
-0.25547232517398755,-0.00010729625289395066,-46.0,227508.0
-0.25725910579567074,-0.00010814175671811363,-227.5,227509.0
-0.25765180483340333,-0.00010832758173441319,-50.0,227510.0
-0.2580621753278339,-0.00010852176887644622,-52.25,227511.0
-0.2584588013559438,-0.00010870945214290877,-50.5,227512.0
-0.25887309884075166,-0.0001089054975351048,-52.75,227513.0
-0.2592500899169749,-0.00010908388955075238,-48.0,227514.0
-0.2596192270124435,-0.00010925856506607396,-47.0,227515.0
-0.2599824736223461,-0.00010943045320615105,-46.25,227516.0
-0.2617555097777087,-0.00011026945315474353,-225.75,227517.0
-0.26035161071781476,-0.00010960512872147263,178.75,227518.0
-0.2638996465237285,-0.0001112840577437391,-451.75,227519.0
-0.2610093816060168,-0.00010991638562377438,368.0,227520.0
-0.26462417624834506,-0.00011162690489881177,-460.25,227521.0
-0.2617790717199726,-0.0001102806026557215,362.25,227522.0
-0.265346742477773,-0.00011196882292880295,-454.25,227523.0
-0.26395658788419973,-0.00011131100237110253,177.0,227524.0
-0.26743393786332165,-0.00011295648289043508,-442.75,227525.0
-0.2660320022986164,-0.00011229308758224567,178.5,227526.0
-0.2695368412103796,-0.0001139515758527192,-446.25,227527.0
-0.2667349335761577,-0.00011262571436142188,356.75,227528.0
-0.2702221010312229,-0.00011427584050616192,-444.0,227529.0
-0.2674653537863403,-0.00011297134889173905,351.0,227530.0
-0.2709191418231982,-0.00011460567991009363,-439.75,227531.0
-0.2695623666478322,-0.00011396365447877867,172.75,227532.0
-0.2729906292472375,-0.00011558590687107379,-436.5,227533.0
-0.2716161826151735,-0.00011493551931402535,175.0,227534.0
-0.2733244234293102,-0.00011574385813492841,-217.5,227535.0
-0.2750601531760881,-0.00011656520470697244,-221.0,227536.0
-0.27542732677636805,-0.00011673895109721252,-46.75,227537.0
-0.2771669835135233,-0.00011756215591941954,-221.5,227538.0
-0.2775420110945579,-0.00011773961880998561,-47.75,227539.0
-0.2779170386755925,-0.00011791708170055168,-47.75,227540.0
-0.2783136647037024,-0.00011810476496701423,-50.5,227541.0
-0.27868476529435965,-0.00011828036960741732,-47.25,227542.0
-0.2790460484090736,-0.0001184513286224129,-46.0,227543.0
-0.28080141310773815,-0.00011928196644527191,-223.5,227544.0
-0.2811528787458672,-0.00011944963027320125,-44.75,227545.0
-0.28154754127806797,-0.00011963790082858559,-50.25,227546.0
-0.2819323863343433,-0.00011982148803682106,-49.0,227547.0
-0.2837132764672094,-0.000120671047209625,-226.75,227548.0
-0.2840961580276142,-0.00012085512911455307,-48.75,227549.0
-0.28585544971029464,-0.00012170096186745333,-224.0,227550.0
-0.28624814874578786,-0.00012189146050075706,-50.0,227551.0
-0.2866192493343289,-0.00012207148170922908,-47.25,227552.0
-0.28523302172894305,-0.00012142016368769446,176.5,227553.0
-0.28878302103565356,-0.00012308812825275763,-452.0,227554.0
-0.2859811133577535,-0.00012185802895258337,356.75,227555.0
-0.28954485718073075,-0.00012342259113185195,-453.75,227556.0
-0.2867350954851628,-0.0001222759036174385,357.75,227557.0
-0.2902752774118637,-0.00012372068180645837,-450.75,227558.0
-0.28886156082667447,-0.0001231657210812001,180.0,227559.0
-0.29237032685130393,-0.00012454310277013972,-446.75,227560.0
-0.2909664277340558,-0.00012401368056456515,178.75,227561.0
-0.29450268271330604,-0.00012534723216210333,-450.25,227562.0
-0.29169684794275147,-0.00012437574543519597,357.25,227563.0
-0.2952409569426472,-0.00012560285078303907,-451.25,227564.0
-0.293839021297695,-0.00012513907135020588,178.5,227565.0
-0.2973615318677849,-0.0001263043658915262,-448.5,227566.0
-0.2945772955039827,-0.00012546859139817167,354.5,227567.0
-0.2981331855285566,-0.00012653600155858427,-452.75,227568.0
-0.2981331855285566,-0.00012653600155858427,0.0,227569.0
-0.29853177507852263,-0.00012665565051637762,-50.75,227570.0
-0.29893625511417676,-0.00012677797052191054,-51.5,227571.0
-0.2993407351498309,-0.00012690029052744346,-51.5,227572.0
-0.29975503266207854,-0.0001270255794651495,-52.75,227573.0
-0.30022234454793134,-0.00012716690063659046,-59.5,227574.0
-0.3020366142003742,-0.00012778416529358978,-231.0,227575.0
-0.3024312767546394,-0.00012791844039754743,-50.25,227576.0
-0.30283575678475977,-0.0001280578632152669,-51.5,227577.0
-0.3031990034137514,-0.00012818307302729653,-46.25,227578.0
-0.30360151994739876,-0.00012832520446144592,-51.25,227579.0
-0.3040040364810461,-0.0001284673358955953,-51.25,227580.0
-0.30438888155682753,-0.00012860404972700468,-49.0,227581.0
-0.30303406981045433,-0.00012812276123887984,172.5,227582.0
-0.303397316437583,-0.00012825326383696518,-46.25,227583.0
-0.30378608850337474,-0.00012839293688788895,-49.5,227584.0
-0.30418664154021363,-0.00012853862270608291,-51.0,227585.0
-0.3028259393121286,-0.00012804371941192404,173.25,227586.0
-0.30640342775865104,-0.00012920275695391578,-455.5,227587.0
-0.3050446890072825,-0.00012876255169647435,173.0,227588.0
-0.30859861551013956,-0.000129913955621285,-452.5,227589.0
-0.3072595117118255,-0.00012948011171149448,170.5,227590.0
-0.3108193286044095,-0.00013089960554201632,-453.25,227591.0
-0.3094605898897552,-0.00013035780205016795,173.0,227592.0
-0.31304789552710427,-0.0001322018579571094,-456.75,227593.0
-0.3102872213475133,-0.00013078273228378718,351.5,227594.0
-0.3138077679224854,-0.00013299082072815703,-448.25,227595.0
-0.31247848179239274,-0.00013215709185094654,169.25,227596.0
-0.3160009915896887,-0.00013476520617840618,-448.5,227597.0
-0.3146893770163366,-0.00013379406884800316,167.0,227598.0
-0.3181961785397513,-0.00013678579836895843,-446.5,227599.0
-0.315476738388615,-0.00013446578415477977,346.25,227600.0
-0.3189697950926044,-0.0001378379413571077,-444.75,227601.0
-0.3176189108810559,-0.00013653381310797807,172.0,227602.0
-0.3211198211605731,-0.0001403074712539175,-445.75,227603.0
-0.31839841810537917,-0.00013737404994697863,346.5,227604.0
-0.32011451199081525,-0.00013931849223060955,-218.5,227605.0
-0.32187772973580564,-0.0001413163288103585,-224.5,227606.0
-0.3222704285597777,-0.00014176623765076475,-50.0,227607.0
-0.3227200687132258,-0.00014228138327302992,-57.25,227608.0
-0.32311276753148815,-0.00014273624848612067,-50.0,227609.0
-0.3235663346665812,-0.0001432616178072405,-57.75,227610.0
-0.3239295810710071,-0.00014368449240333966,-46.25,227611.0
-0.325720287670123,-0.0001457691498716772,-228.0,227612.0
-0.3261012055157932,-0.00014621726019638432,-48.5,227613.0
-0.3265331742067594,-0.00014672542654399032,-55.0,227614.0
-0.3269003475905381,-0.0001471603689079294,-46.75,227615.0
-0.3286812366765663,-0.00014926995566778373,-226.75,227616.0
-0.32733231625348824,-0.00014769232674069024,171.75,227617.0
-0.3277623214538581,-0.00014819523901875935,-54.75,227618.0
-0.3281393123107397,-0.00014863931489839327,-48.0,227619.0
-0.32858698895328653,-0.00014916665500545856,-57.0,227620.0
-0.3289796877614946,-0.00014963011912624166,-50.0,227621.0
-0.3307645038448002,-0.00015173656355520082,-227.25,227622.0
-0.32810396915521045,-0.00014882885806945026,338.75,227623.0
-0.33162844130857844,-0.00015268076312252942,-448.75,227624.0
-0.3290052129242691,-0.00014989287799726018,334.0,227625.0
-0.3325552106180051,-0.00015366570457397188,-452.0,227626.0
-0.32992412817219446,-0.00015094995443753394,335.0,227627.0
-0.3335075053838395,-0.00015464864398902588,-456.25,227628.0
-0.3308882037434328,-0.0001521055785361005,333.5,227629.0
-0.3344440922522608,-0.0001555579709913088,-452.75,227630.0
-0.33317174780991815,-0.00015434062614259162,162.0,227631.0
-0.3367217458836149,-0.00015773716856000005,-452.0,227632.0
-0.33540227755365337,-0.00015649516188313497,168.0,227633.0
-0.33898761858119775,-0.00015987001931164037,-456.5,227634.0
-0.33772705506998535,-0.00015870210142420558,160.5,227635.0
-0.3394922366845958,-0.00016033755030396237,-224.75,227636.0
-0.33876967067875025,-0.00015967421477326103,92.0,227637.0
-0.3423550117838426,-0.00016296565683592584,-456.5,227638.0
-0.3410983752184097,-0.0001618491483019237,160.0,227639.0
-0.34159906634994935,-0.0001622940071709402,-63.75,227640.0
-0.3421684797903903,-0.00016280359316832549,-72.5,227641.0
-0.3426711344136761,-0.0001632534346005001,-64.0,227642.0
-0.34324251134563416,-0.00016376823570219264,-72.75,227643.0
-0.3437785453745845,-0.00016425119343677018,-68.25,227644.0
-0.34435777627809716,-0.0001647806645716384,-73.75,227645.0
-0.3448938103006699,-0.0001652706497235673,-68.25,227646.0
-0.3454848221639608,-0.00016581930346783644,-75.25,227647.0
-0.3460346006414407,-0.00016632967904390078,-70.0,227648.0
-0.34662757599929406,-0.00016688015555808445,-75.5,227649.0
-0.3472087703897728,-0.00016741969545278103,-74.0,227650.0
-0.3477742568237522,-0.0001679446531881615,-72.0,227651.0
-0.34834759723598124,-0.0001684769020032,-73.0,227652.0
-0.3489013026956453,-0.00016899834611290983,-70.5,227653.0
-0.34772516946749366,-0.00016789073965292335,149.75,227654.0
-0.3512201894537768,-0.00017147787181183254,-445.0,227655.0
-0.3488777406652174,-0.00016907368716824903,298.25,227656.0
-0.35227458563456837,-0.00017283942285409076,-432.5,227657.0
-0.3511416494800507,-0.0001715834520502002,144.25,227658.0
-0.35454831159732664,-0.00017564105416977292,-433.75,227659.0
-0.3522254981767287,-0.00017287440096662912,295.75,227660.0
-0.35560859802440786,-0.00017718104840430256,-430.75,227661.0
-0.3544363922153165,-0.00017568884380749985,149.25,227662.0
-0.357793966284819,-0.00018023594127933575,-427.5,227663.0
-0.35549275177636463,-0.0001771194510822646,293.0,227664.0
-0.35884639847881816,-0.00018193353579188588,-427.0,227665.0
-0.3565157318302161,-0.0001785879160317451,296.75,227666.0
-0.3598988307312371,-0.00018358316272530368,-430.75,227667.0
-0.3575740547017485,-0.0001801505613990278,296.0,227668.0
-0.3609885690665972,-0.00018547447435443811,-434.75,227669.0
-0.3598713415372131,-0.0001837324924846115,142.25,227670.0
-0.3632583665552959,-0.0001892912976981716,-431.25,227671.0
-0.362092051853417,-0.00018737713520724134,148.5,227672.0
-0.3626516472786926,-0.00018830312826635407,-71.25,227673.0
-0.36322498715301005,-0.000189251865014638,-73.0,227674.0
-0.3638650857633243,-0.00019032099120168703,-81.5,227675.0
-0.36440700974015483,-0.00019122614097967947,-69.0,227676.0
-0.3650372908709827,-0.00019228848765322502,-80.25,227677.0
-0.3656204481789449,-0.00019327140653809427,-74.25,227678.0
-0.3672933437750959,-0.000196158850888065,-213.0,227679.0
-0.367886318505187,-0.00019718233468347715,-75.5,227680.0
-0.36954939652198865,-0.0002001197988384071,-211.75,227681.0
-0.3700991743787826,-0.00020109086136896247,-70.0,227682.0
-0.3707530173115341,-0.00020225608284359263,-83.25,227683.0
-0.3713558094447314,-0.00020333032606494836,-76.75,227684.0
-0.3703622823034122,-0.00020158364838301698,126.5,227685.0
-0.37094347604616024,-0.00020260542030762506,-74.0,227686.0
-0.3716405158298116,-0.00020383606195074834,-88.75,227687.0
-0.37213335240923834,-0.00020470617759137919,-62.75,227688.0
-0.3711437522241107,-0.00020298272365951712,126.0,227689.0
-0.3744836528489165,-0.00020879938067955162,-425.25,227690.0
-0.3735117241355083,-0.00020708397802944237,123.75,227691.0
-0.37674559603648455,-0.00021279159048344221,-411.75,227692.0
-0.3744836528489165,-0.00020879938067955162,288.0,227693.0
-0.3776429120405806,-0.00021437530565738148,-402.25,227694.0
-0.3753181370978023,-0.00021027220113671612,296.0,227695.0
-0.3783851121490014,-0.00021568524949928307,-390.5,227696.0
-0.3760112498451456,-0.00021152525777470187,302.25,227697.0
-0.37912142179659936,-0.000216975569513111,-396.0,227698.0
-0.3766258228478221,-0.00021266924848165026,317.75,227699.0
-0.37969279810981277,-0.00021796151712928335,-390.5,227700.0
-0.3770617179466872,-0.0002135584319951513,335.0,227701.0
-0.38008156965630446,-0.00021861212224611777,-384.5,227702.0
-0.37730911789035754,-0.00021405162955398302,353.0,227703.0
-0.3803034443372903,-0.00021897709085391608,-381.25,227704.0
-0.3773424969759686,-0.00021428688857231062,377.0,227705.0
-0.3787895912765615,-0.00021657911607996528,-184.25,227706.0
-0.3802661378650975,-0.0002189841281944365,-188.0,227707.0
-0.38017778068892183,-0.00021884021124609712,11.25,227708.0
-0.3816091668320306,-0.00022123880854956588,-182.25,227709.0
-0.3813087524563164,-0.00022073539923896131,38.25,227710.0
-0.38266552580701213,-0.0002230513284447059,-172.75,227711.0
-0.382219812998607,-0.0002222905239154671,56.75,227712.0
-0.3835353529370119,-0.00022457601064369153,-167.5,227713.0
-0.38295023218828855,-0.00022355948072576485,74.5,227714.0
-0.3841774148981669,-0.0002257305268063453,-156.25,227715.0
-0.38346074019559795,-0.0002244626358952863,91.25,227716.0
-0.38462509111774074,-0.00022654108822887679,-148.25,227717.0
-0.3839044894509171,-0.00022525476106795316,91.75,227718.0
-0.3850374244635651,-0.00022729554330985202,-144.25,227719.0
-0.3842304291599285,-0.000225841883861983,102.75,227720.0
-0.3853515831854942,-0.0002278800919169964,-142.75,227721.0
-0.38453869742965496,-0.00022640230183858037,103.5,227722.0
-0.3855872022148186,-0.00022832505302903627,-133.5,227723.0
-0.3837101037604807,-0.0002248828243060478,239.0,227724.0
-0.38578355142552345,-0.00022868511879503925,-264.0,227725.0
-0.38207647832741676,-0.00022188707713290302,472.0,227726.0
-0.38413618166527785,-0.00022559950204882706,-262.25,227727.0
-0.382286571994863,-0.0002222657515523538,235.5,227728.0
-0.38423828336445975,-0.00022572546888549786,-248.5,227729.0
-0.3807805733827093,-0.00021959613063231206,440.25,227730.0
-0.3826557085516881,-0.00022292010452884382,-238.75,227731.0
-0.3792804652475263,-0.00021693695151508665,429.75,227732.0
-0.3811575639088286,-0.0002202644060125572,-239.0,227733.0
-0.37783729838972585,-0.00021437870982508577,422.75,227734.0
-0.37961425894252776,-0.00021752865367467868,-226.25,227735.0
-0.37621741722280705,-0.00021150721405059498,432.5,227736.0
-0.378010085800361,-0.00021463601809243853,-228.25,227737.0
-0.3745425581903279,-0.00020858402692278276,441.5,227738.0
-0.3762665045332549,-0.0002115928877647747,-219.5,227739.0
-0.37454059469790996,-0.00020858059997421556,219.75,227740.0
-0.3745032883419696,-0.00020851548795143896,4.75,227741.0
-0.37280094041563966,-0.0002055443235436861,216.75,227742.0
-0.3719232593048329,-0.0002040124775341526,111.75,227743.0
-0.3711732052011904,-0.0002027033831814864,95.5,227744.0
-0.3703446114008314,-0.00020125721088613263,105.5,227745.0
-0.36955136046399484,-0.00019987272366498829,101.0,227746.0
-0.36873454761814334,-0.00019844711306103767,104.0,227747.0
-0.36801983637802327,-0.00019719970378258089,91.0,227748.0
-0.36725014735020167,-0.0001958563399442428,98.0,227749.0
-0.36656096151151446,-0.00019465348099715946,87.75,227750.0
-0.365787345498857,-0.000193303263261687,98.5,227751.0
-0.3650844152132444,-0.00019207641567463334,89.5,227752.0
-0.3642636753825571,-0.00019064395117354834,104.5,227753.0
-0.3635470006500191,-0.00018939311494652435,91.25,227754.0
-0.3626869909709735,-0.00018789211147409558,109.5,227755.0
-0.361982097192943,-0.00018666183693847474,89.75,227756.0
-0.3611063795745541,-0.00018513341787750845,111.5,227757.0
-0.3603425810239862,-0.00018380033488487194,97.25,227758.0
-0.3586539775445816,-0.0001808531591170894,215.0,227759.0
-0.3603622159481653,-0.00018383460437054383,-217.5,227760.0
-0.3569418121561621,-0.0001778648599665006,435.5,227761.0
-0.35863630611282044,-0.0001808223165799847,-215.75,227762.0
-0.3552119750629314,-0.0001750042670563044,436.0,227763.0
-0.3569241405878759,-0.00017791329181814455,-218.0,227764.0
-0.35343501428302915,-0.00017198515305462398,444.25,227765.0
-0.35512165440450544,-0.0001748508093280422,-214.75,227766.0
-0.3533623649880337,-0.00017190305220732882,224.0,227767.0
-0.3550804210588069,-0.00017478172127052548,-218.75,227768.0
-0.3533564744376514,-0.00017193673594592042,219.5,227769.0
-0.3551059464643593,-0.0001748238451990219,-222.75,227770.0
-0.35332898546549235,-0.00017193648202453235,226.25,227771.0
-0.35512754488534,-0.00017485894022103228,-229.0,227772.0
-0.3533250584798595,-0.00017193010111143955,229.5,227773.0
-0.3543814176150975,-0.0001736465667334013,-134.5,227775.0
-0.35342126962786446,-0.000172086433482213,122.25,227776.0
-0.35448155574873536,-0.00017380928001726754,-135.0,227777.0
-0.3536058379526087,-0.00017238633639757433,111.5,227778.0
-0.3546563066307327,-0.0001740800494319145,-133.75,227779.0
-0.3538630555167848,-0.000172801058654581,101.0,227780.0
-0.3550391877119565,-0.0001747132916482218,-149.75,227781.0
-0.35431269537103244,-0.0001735321126705138,92.5,227782.0
-0.35546919263807103,-0.00017541242190800032,-147.25,227783.0
-0.354787860631853,-0.00017430466756944714,86.75,227784.0
-0.3559993356976643,-0.00017627436332416562,-154.25,227785.0
-0.3553867259399121,-0.00017527834213215237,78.0,227786.0
-0.35663943435480283,-0.00017731507777479482,-159.5,227787.0
-0.3560916198598898,-0.00017642440497809067,69.75,227788.0
-0.3573875251166733,-0.00017853137288427253,-165.0,227789.0
-0.3569123598558527,-0.0001777588179853392,60.5,227790.0
-0.3582573524021752,-0.00017996445381130552,-171.25,227791.0
-0.3564725374757413,-0.00017703755897071662,227.25,227792.0
-0.3592253543369738,-0.00018155186762473823,-350.5,227793.0
-0.35743857591777156,-0.00017862175287783403,227.5,227794.0
-0.3603249102872521,-0.00018335501516129465,-367.5,227795.0
-0.35855383981019673,-0.0001804506596649127,225.5,227796.0
-0.36150889642656964,-0.00018529661866940807,-376.25,227797.0
-0.3597260449929041,-0.00018237294373513445,227.0,227798.0
-0.3627773125958658,-0.0001874727506812782,-388.5,227799.0
-0.3591330702077726,-0.00018138186156155955,464.0,227800.0
-0.36069404679714684,-0.00018403832537291508,-198.75,227801.0
-0.3571165633432602,-0.00017795017812223613,455.5,227802.0
-0.3601913925516684,-0.00018326961419938418,-391.5,227803.0
-0.35664925213534115,-0.0001771417325370757,451.0,227804.0
-0.3597358619717601,-0.00018266722986795168,-393.0,227805.0
-0.35622317431441053,-0.00017637898894878046,447.25,227806.0
-0.35921946350676126,-0.00018174279869872753,-381.5,227807.0
-0.35743857602480705,-0.0001785547413964982,226.75,227808.0
-0.358928866651933,-0.00018122258648182573,-189.75,227809.0
-0.3604054128332225,-0.00018386582693527277,-188.0,227810.0
-0.3601226699474437,-0.00018335967450801695,36.0,227811.0
-0.36157565422158494,-0.000185960735592526,-185.0,227812.0
-0.3613145097518175,-0.00018549261929116825,33.25,227813.0
-0.3627616035429349,-0.00018808661714154925,-184.25,227814.0
-0.36251027653548074,-0.00018763551725405717,32.0,227815.0
-0.3639514798438507,-0.00019022229317139453,-183.5,227816.0
-0.3636765909306981,-0.00018972820649701457,35.0,227817.0
-0.3651119037558018,-0.00019230804477538422,-182.75,227818.0
-0.36484290531935964,-0.00019182454567259812,34.25,227819.0
-0.36625858322209537,-0.00019436909204565493,-180.25,227820.0
-0.36601903716920525,-0.0001939385308008381,30.5,227821.0
-0.3674406055486514,-0.00019649366474548875,-181.0,227822.0
-0.3672246214026029,-0.00019610545378704735,27.5,227823.0
-0.3686304818441546,-0.00019863235420744773,-179.0,227824.0
-0.36836737388442287,-0.00019815944267625549,33.5,227825.0
-0.3697516359113697,-0.00020064752200081172,-176.25,227826.0
-0.3681140834109412,-0.00019769026429229783,208.5,227827.0
-0.3708747534536301,-0.00020267576110065576,-351.5,227828.0
-0.3692156025907295,-0.00019965094985470433,211.25,227829.0
-0.37200376143726066,-0.00020473406461121442,-355.0,227830.0
-0.3703308660766633,-0.000201713228919368,213.0,227831.0
-0.3730974265967122,-0.000206708953672668,-352.25,227832.0
-0.3714186407069511,-0.00020370671921725585,213.75,227833.0
-0.37416163940636193,-0.0002086121245204263,-349.25,227834.0
-0.3725024885366794,-0.00020559103555717591,211.25,227835.0
-0.37524941405938456,-0.00021059281479929109,-349.75,227836.0
-0.3735863362814938,-0.00020752306718172845,211.75,227837.0
-0.37635878707533293,-0.0002126405212974291,-353.0,227838.0
-0.3746721475523066,-0.00020944197086276273,214.75,227839.0
-0.3774308536406093,-0.00021467359293576187,-351.25,227840.0
-0.37571476190917363,-0.0002113308717194915,218.5,227841.0
-0.3784577597911137,-0.00021667387119217994,-349.25,227842.0
-0.3767416682340398,-0.00021324280333438175,218.5,227843.0
-0.37815145511959936,-0.00021606146091092534,-179.5,227844.0
-0.3795180453033756,-0.00021873772744621296,-174.0,227845.0
-0.37926082789809584,-0.00021823400486557692,32.75,227846.0
-0.3806254546279738,-0.00022088708228338582,-173.75,227847.0
-0.3803368213484169,-0.00022032592777918738,36.75,227848.0
-0.3817053750616902,-0.00022298663995215545,-174.25,227849.0
-0.38143637669910996,-0.00022246365922375282,34.25,227850.0
-0.38279707644559263,-0.00022510910188640256,-173.25,227851.0
-0.382524151099617,-0.00022457848640284076,34.75,227852.0
-0.38389074132119266,-0.00022723538119822923,-174.0,227853.0
-0.3836237064503101,-0.0002267162178474062,34.0,227854.0
-0.385017785555653,-0.0002294265559289088,-177.5,227855.0
-0.3847644951266541,-0.00022893411422114283,32.25,227856.0
-0.3861664282186937,-0.00023164946377154407,-178.5,227857.0
-0.3859406266702559,-0.00023121211755544304,28.75,227858.0
-0.3873248884470568,-0.00023383567881076926,-176.25,227859.0
-0.38704803609169663,-0.00023331096655970402,35.25,227860.0
-0.3867652932622719,-0.00023277425649498827,36.0,227861.0
-0.38508650771256225,-0.00022958754048573859,213.75,227862.0
-0.3878609217262929,-0.00023485400799576177,-353.25,227863.0
-0.38616642824161523,-0.00023163747476069452,215.75,227864.0
-0.38892513447083854,-0.00023679425209389933,-351.25,227865.0
-0.38723456787769883,-0.000233634120219245,215.25,227866.0
-0.3899716756951631,-0.00023875052420678058,-348.5,227867.0
-0.3882869995779577,-0.0002356014032445815,214.5,227868.0
-0.39099465501575054,-0.0002406627526698409,-344.75,227869.0
-0.389286416994808,-0.00023746958805782084,217.5,227870.0
-0.39192338657979653,-0.00024247398083369754,-335.75,227871.0
-0.3901837327806157,-0.00023917249758766124,221.5,227872.0
-0.3927598341175516,-0.00024406137571271726,-328.0,227873.0
-0.39100054539964413,-0.00024072262967609365,224.0,227874.0
-0.39353934039099947,-0.0002455407084990338,-323.25,227875.0
-0.39178986913245534,-0.0002422205938577038,222.75,227876.0
-0.39308577376841397,-0.00024467993803646673,-165.0,227877.0
-0.3942992117457207,-0.00024698277849476293,-154.5,227878.0
-0.3937965578209775,-0.00024603166959209267,64.0,227879.0
-0.39498054343277494,-0.00024827197689017926,-150.75,227880.0
-0.3944111307767691,-0.00024719819245188474,72.5,227881.0
-0.3955695910079534,-0.00024938278837807016,-147.5,227882.0
-0.3949982148600303,-0.000248305301234816,72.75,227883.0
-0.3961272227124557,-0.0002504343565866069,-143.75,227884.0
-0.3955637005252516,-0.00024937537218213405,71.75,227885.0
-0.3966730734721865,-0.00025146013242090454,-141.25,227886.0
-0.396068317950054,-0.00025032587580166066,77.0,227887.0
-0.39717572741266033,-0.000252402891169367,-141.0,227888.0
-0.3965729353824828,-0.0002512723172014843,76.75,227889.0
-0.39767445436922416,-0.00025333828461510707,-140.25,227890.0
-0.39706969883872223,-0.0002522084991649378,77.0,227891.0
-0.3981201670491721,-0.00025417095116442014,-133.75,227892.0
-0.3963805131529879,-0.0002509209839278943,221.5,227893.0
-0.3985501717932628,-0.0002549742726371054,-276.25,227894.0
-0.3967987369451857,-0.00025170229659310877,223.0,227895.0
-0.39894679717365694,-0.0002557152358219567,-273.5,227896.0
-0.3955852989002175,-0.0002494353894236133,428.0,227897.0
-0.39769997976499216,-0.0002533859703646272,-269.25,227898.0
-0.3959622894314143,-0.00025010208487734326,221.25,227899.0
-0.3981201670320946,-0.00025418003984968796,-274.75,227900.0
-0.39639818470388344,-0.0002508889292756904,219.25,227901.0
-0.3975016671080507,-0.00025299794198103433,-140.5,227902.0
-0.3958091372257016,-0.0002497274636556082,215.5,227903.0
-0.3979630876676238,-0.0002538895457008431,-274.25,227904.0
-0.3962725213461344,-0.00025058728599460216,215.25,227905.0
-0.3983341875918532,-0.0002546144319778228,-262.5,227906.0
-0.3948136473455695,-0.0002475833226050467,448.25,227907.0
-0.3968949483277562,-0.00025174002976352,-265.0,227908.0
-0.3951278059843901,-0.0002482107501006653,225.0,227909.0
-0.3960958072902562,-0.00025014401107154016,-123.25,227910.0
-0.3972071434476703,-0.00025237722003343985,-141.5,227911.0
-0.3964060389384389,-0.0002507674156934132,102.0,227912.0
-0.39749184970707846,-0.00025294933186996893,-138.25,227913.0
-0.39666718330051676,-0.0002512921803434709,105.0,227914.0
-0.3977510305777121,-0.000253470150921154,-138.0,227915.0
-0.3969204736968178,-0.0002518011625980381,105.75,227916.0
-0.3980514447686739,-0.00025407382754866393,-144.0,227917.0
-0.39720910693911443,-0.0002523811656323124,107.25,227918.0
-0.3983243700794169,-0.0002546222657919573,-142.0,227919.0
-0.39748006875841324,-0.0002529256582767332,107.5,227920.0
-0.3985580255906202,-0.0002550771396507365,-137.25,227921.0
-0.3977333591616094,-0.0002534311976159799,105.0,227922.0
-0.39691458320709155,-0.00025179701231004296,104.25,227923.0
-0.39606635488010905,-0.0002501040433600076,108.0,227924.0
-0.3952593598573951,-0.0002485020033334488,102.75,227925.0
-0.39435615374924804,-0.0002467089658341373,115.0,227926.0
-0.395447855028967,-0.0002488843552334718,-139.0,227927.0
-0.39350988890831484,-0.0002450226477925668,246.75,227928.0
-0.3955479930959916,-0.0002490838963474395,-259.5,227929.0
-0.39361395395835996,-0.00024523001404825874,246.25,227930.0
-0.3956874010971984,-0.0002493091753847267,-264.0,227931.0
-0.3938103031192348,-0.0002456162982657273,239.0,227932.0
-0.395917129721389,-0.00024970691003768565,-268.25,227933.0
-0.3940223602236455,-0.00024602802806197285,241.25,227934.0
-0.3960918806964089,-0.00024993493513381695,-263.5,227935.0
-0.3922807428997925,-0.00024274014706318186,485.25,227936.0
-0.3942717238879258,-0.00024639579899222747,-253.5,227937.0
-0.3924221143309025,-0.00024299971998122057,235.5,227938.0
-0.3943934605808438,-0.0002465183559364261,-251.0,227939.0
-0.3925654492674022,-0.00024325555705764489,232.75,227940.0
-0.39454857665076654,-0.00024669304617973666,-252.5,227941.0
-0.39271467469426924,-0.00024351421960544582,233.5,227942.0
-0.39361788126179503,-0.00024505861457894355,-115.0,227943.0
-0.39464282436668296,-0.00024681116713582573,-130.5,227944.0
-0.3938004860995599,-0.0002453524171677179,107.25,227945.0
-0.3930170526063616,-0.00024399567768689033,99.75,227946.0
-0.3921943492945205,-0.00024255334679674533,104.75,227947.0
-0.39140698884571795,-0.00024117297761548482,100.25,227948.0
-0.39061373793497517,-0.0002397736196558913,101.0,227949.0
-0.3916210095122302,-0.00024155052716398902,-128.25,227950.0
-0.3908179411554306,-0.000240124972862689,102.25,227951.0
-0.3918252127129812,-0.00024191301529928293,-128.25,227952.0
-0.3910221443860989,-0.00024047070591701425,102.25,227953.0
-0.3920569047975096,-0.0002423291338985683,-131.75,227954.0
-0.39127936189813844,-0.00024091696119832098,99.0,227955.0
-0.3905685777325517,-0.000239626035649105,90.5,227956.0
-0.38982048722684914,-0.00023826124724926745,95.25,227957.0
-0.39085132060084876,-0.00024014186118605148,-131.25,227958.0
-0.3891529000373025,-0.0002369683826686985,216.25,227959.0
-0.39119493169751995,-0.00024078389441210555,-260.0,227960.0
-0.3895397080282071,-0.00023765354468808294,210.75,227961.0
-0.3915876300769536,-0.0002415265633857764,-260.75,227962.0
-0.38996382214611325,-0.00023852617231945759,206.75,227963.0
-0.39103588880903806,-0.00024050708347086032,-136.5,227964.0
-0.3894199348464243,-0.00023752120457414886,205.75,227965.0
-0.3915247983311411,-0.0002414104660289176,-268.0,227966.0
-0.38992455230498047,-0.00023845361147142085,203.75,227967.0
-0.39211188245607614,-0.00024249525070706672,-278.5,227968.0
-0.39050181902618164,-0.00023948980731158226,205.0,227969.0
-0.3926812951325022,-0.00024355815142010391,-277.5,227970.0
-0.39105748731406836,-0.00024049753063576482,206.75,227971.0
-0.39328212366024196,-0.00024469061811902503,-283.25,227972.0
-0.3916269000269736,-0.00024154126696290478,210.75,227973.0
-0.3927460903839878,-0.0002436707214812779,-142.5,227974.0
-0.3939457839357175,-0.0002459382212006356,-152.75,227975.0
-0.3934647284198848,-0.0002450289946355904,61.25,227976.0
-0.3947233267440783,-0.0002473996541146594,-160.25,227977.0
-0.39429528550433696,-0.0002465934079891726,54.5,227978.0
-0.3956245695378455,-0.00024909720903024856,-169.25,227979.0
-0.3952809584508972,-0.00024844999310382566,43.75,227980.0
-0.3966612932374563,-0.00025106952730792647,-175.75,227981.0
-0.3964158567533597,-0.0002506037495333708,31.25,227982.0
-0.3978747311731946,-0.00025339418551611266,-185.75,227983.0
-0.3976685645324373,-0.00025299984395731333,26.25,227984.0
-0.3991667087443528,-0.00025588843658424886,-190.75,227985.0
-0.3990273008294825,-0.0002556196422506808,17.75,227986.0
-0.39884469609592005,-0.0002552675595320635,23.25,227987.0
-0.3987209961151197,-0.0002550290518839679,15.75,227988.0
-0.40023484826110506,-0.0002579479311963759,-192.75,227989.0
-0.4001052578050285,-0.0002576980660412281,16.5,227990.0
-0.4015935845140959,-0.00026059048767688314,-189.5,227991.0
-0.39824190418114325,-0.00025407681520714284,426.75,227992.0
-0.40135600182309905,-0.000260228402204563,-396.5,227993.0
-0.39801413915815026,-0.00025362688828929874,425.5,227994.0
-0.4010870032837912,-0.00025979404395000416,-391.25,227995.0
-0.39938858317600884,-0.00025638536046980595,216.25,227996.0
-0.4024555567282054,-0.00026258986666003066,-390.5,227997.0
-0.399123511838271,-0.00025584911953787227,424.25,227998.0
-0.4021826312280237,-0.000262134304790161,-389.5,227999.0
-0.3988250611661,-0.00025523593073277094,427.5,228000.0
-0.401805640714119,-0.00026145209661003374,-379.5,228001.0
-0.4001543446667646,-0.000258008226054844,210.25,228002.0
-0.4030642381781291,-0.0002642451832638379,-370.5,228003.0
-0.40137367251464406,-0.00026062168788128475,215.25,228004.0
-0.4041873547897876,-0.0002667368463851529,-358.25,228005.0
-0.4024673368742079,-0.00026299861969332564,219.0,228006.0
-0.40513572065826264,-0.00026887751573866683,-339.75,228007.0
-0.404638957519518,-0.00026778580159376894,63.25,228009.0
-0.405891664565048,-0.00027053881987220704,-159.5,228010.0
-0.4053222522635912,-0.0002692911090289013,72.5,228011.0
-0.40651016413387175,-0.0002718940919951081,-151.25,228012.0
-0.4059191534347735,-0.0002705990541887804,75.25,228013.0
-0.4070658320004658,-0.00027311168568012713,-146.0,228014.0
-0.40641788008062024,-0.00027168759416651726,82.5,228015.0
-0.40753706976035353,-0.00027414738859911613,-142.5,228016.0
-0.40684984803317237,-0.0002726342662750868,87.5,228017.0
-0.407900315530435,-0.00027494718182753165,-133.75,228018.0
-0.40724058268338065,-0.0002734895791212305,84.0,228019.0
-0.4065494339864666,-0.00027196256676224835,88.0,228020.0
-0.40593878842383707,-0.00027060483565082054,77.75,228021.0
-0.4070461970969015,-0.0002730670875699372,-141.0,228022.0
-0.40643751504386444,-0.0002717051869254682,77.5,228023.0
-0.4076077553780905,-0.000274323550745157,-149.0,228024.0
-0.4058916648397651,-0.0002704160250844593,218.5,228025.0
-0.4082046564348994,-0.00027568269010539966,-294.5,228026.0
-0.40648071197489055,-0.00027173993222610025,219.5,228027.0
-0.40873087182815954,-0.0002768861742872359,-286.5,228028.0
-0.4070010368274204,-0.000272960631350703,220.25,228029.0
-0.4092649412040971,-0.00027809814668080797,-288.25,228030.0
-0.4075174347901836,-0.0002741325017165466,222.5,228031.0
-0.40980097407038746,-0.00027931457485523873,-290.75,228032.0
-0.40809077397317545,-0.000275433589727293,217.75,228033.0
-0.4103507513691468,-0.0002805621934956805,-287.75,228034.0
-0.40866607664652005,-0.00027673913351889816,214.5,228035.0
-0.4097027995527519,-0.0002790917858123027,-132.0,228036.0
-0.40800241690730343,-0.00027523307958865056,216.5,228037.0
-0.4101328039399958,-0.00028006760182036253,-271.25,228038.0
-0.4084638372161252,-0.00027624687321627073,212.5,228039.0
-0.40955553780256293,-0.0002787460792208296,-139.0,228040.0
-0.4105529908836647,-0.0002810175672453226,-127.0,228041.0
-0.40995019935630594,-0.0002796448372777648,76.75,228042.0
-0.4093336633967273,-0.00027824080727837345,78.5,228043.0
-0.408707309985563,-0.0002768144201133867,79.75,228044.0
-0.40973617891173886,-0.000279157451067785,-131.0,228045.0
-0.4091333873843801,-0.0002777847211002272,76.75,228046.0
-0.4101975991221908,-0.0002802144099433621,-135.5,228047.0
-0.40960658854455056,-0.00027886508089948096,75.25,228048.0
-0.4106433114480836,-0.0002812189221652764,-132.0,228049.0
-0.41001695802719906,-0.0002797968097338583,79.75,228050.0
-0.41105564442107967,-0.00028215510903235413,-132.25,228051.0
-0.41039983864498114,-0.00028066612611043053,83.5,228052.0
-0.4114110361739953,-0.0002829620129511211,-128.75,228053.0
-0.4097577773013158,-0.0002792083494174095,210.5,228054.0
-0.4117232311392638,-0.00028367084015048,-250.25,228055.0
-0.41002284849824183,-0.00027981018383195944,216.5,228056.0
-0.41198241196061103,-0.0002842170538486467,-249.5,228057.0
-0.41027024829409203,-0.0002803665622108197,218.0,228058.0
-0.41229853402325956,-0.000284882720007278,-258.25,228059.0
-0.41062171310098555,-0.0002811491297283086,213.5,228060.0
-0.4126323275138203,-0.0002855814640320411,-256.0,228061.0
-0.4109339081123534,-0.00028183735351179834,216.25,228062.0
-0.41292292433006506,-0.00028612951581727966,-253.25,228063.0
-0.41121861428369416,-0.0002824517301497991,217.0,228064.0
-0.4132253021200268,-0.00028668781514823525,-255.5,228065.0
-0.40983238961397717,-0.000279525432685126,432.0,228066.0
-0.4118587125611575,-0.0002837069029372492,-258.0,228067.0
-0.4101956354911364,-0.0002802750179531907,211.75,228068.0
-0.4121532364283041,-0.00028422501650528405,-249.25,228069.0
-0.4105294290310747,-0.000280948538267991,206.75,228070.0
-0.4114954668492935,-0.00028287595144892554,-123.0,228071.0
-0.41251059195502343,-0.00028490130229149295,-129.25,228072.0
-0.4118449683571348,-0.00028356290187978234,84.75,228073.0
-0.4128699108883969,-0.0002856238016287881,-130.5,228074.0
-0.41222981269856457,-0.00028432714035433527,81.5,228075.0
-0.4115936414914919,-0.0002830384340570263,81.0,228076.0
-0.410898565566013,-0.0002816190997682456,88.5,228077.0
-0.4102898832583902,-0.0002803761799108387,77.5,228078.0
-0.4095712454619065,-0.0002788966499450581,91.5,228079.0
-0.4105765529804848,-0.0002809663749245107,-128.0,228080.0
-0.40980882791619844,-0.00027937929954817913,97.75,228081.0
-0.40912160599164543,-0.00027795864384046545,87.5,228082.0
-0.40839118727256396,-0.00027644282006019505,93.0,228083.0
-0.40940042173925184,-0.0002785372647458375,-128.5,228084.0
-0.40866411255903207,-0.00027700325181200794,93.75,228085.0
-0.40968120097330896,-0.00027912223501127116,-129.5,228086.0
-0.40896649020157344,-0.0002776304075798569,91.0,228087.0
-0.4083381730396081,-0.0002763189109368554,80.0,228088.0
-0.4067222198989019,-0.00027291717583445715,205.75,228089.0
-0.40862680622512915,-0.00027692651125283665,-242.5,228090.0
-0.40530065263139126,-0.0002698029221034658,423.5,228091.0
-0.4072445086277316,-0.0002739660586193319,-247.5,228092.0
-0.40559321284081845,-0.00027039949505697214,210.25,228093.0
-0.407535105270375,-0.00027459370595254144,-247.25,228094.0
-0.4058523936977764,-0.0002709281361463533,214.25,228095.0
-0.40778054161410293,-0.0002751283573245059,-245.5,228096.0
-0.4044642060034446,-0.00026778314663302984,422.25,228097.0
-0.4064276965959007,-0.00027213199843378536,-250.0,228098.0
-0.40478621852653335,-0.0002684667138742146,209.0,228099.0
-0.4067241836634539,-0.00027279402949657866,-246.75,228100.0
-0.403425519870097,-0.0002653086706441923,420.0,228101.0
-0.40537722928116654,-0.0002697375079651876,-248.5,228102.0
-0.40371022604096757,-0.0002659241548268651,212.25,228103.0
-0.40464681090030197,-0.000268066639452283,-119.25,228104.0
-0.40567764331932843,-0.00027041302907427413,-131.25,228105.0
-0.40496293284213675,-0.0002687861989363603,91.0,228106.0
-0.4043247984977149,-0.0002673291918257693,81.25,228107.0
-0.4035865261484761,-0.0002656435466762856,94.0,228108.0
-0.40461539508723876,-0.00026798104400224855,-131.0,228109.0
-0.40383196244111985,-0.0002662011557712195,99.75,228110.0
-0.40485297744451076,-0.0002685093402893419,-130.0,228111.0
-0.404063654307274,-0.0002667249361041781,100.5,228112.0
-0.4050905598080012,-0.0002690348350343294,-130.75,228113.0
-0.40432283504550726,-0.00026730793162765793,97.75,228114.0
-0.40537330245876696,-0.0002696586895984496,-133.75,228115.0
-0.404580052299969,-0.00026788353778499195,101.0,228116.0
-0.40569531486715227,-0.00027039369458669465,-142.0,228117.0
-0.404925626616561,-0.0002686613328503083,98.0,228118.0
-0.4043562143816434,-0.00026738361660633955,72.5,228119.0
-0.4036061610239243,-0.00026570055589876697,95.5,228120.0
-0.40471160615585056,-0.0002681810877792994,-140.75,228121.0
-0.4030720916173809,-0.00026450214618028593,208.75,228122.0
-0.4051219756630843,-0.0002691019246585734,-261.0,228123.0
-0.40349031508647554,-0.00026544060673189057,207.75,228124.0
-0.40561873864942594,-0.00027026158227197287,-271.0,228125.0
-0.40399296862163725,-0.0002665791397007661,207.0,228126.0
-0.40617636985510763,-0.00027155101221553525,-278.0,228127.0
-0.40455845383318356,-0.0002678668189132243,206.0,228128.0
-0.4067045487506144,-0.0002727537403688382,-273.25,228129.0
-0.4050964501802797,-0.0002690919026084102,204.75,228130.0
-0.407250399058982,-0.0002739967084975305,-274.25,228131.0
-0.40562855605642223,-0.0002703035729784664,206.5,228132.0
-0.4078315921930713,-0.00027532015657700143,-280.5,228133.0
-0.4062215301324187,-0.0002716538477081969,205.0,228134.0
-0.4084716897790384,-0.0002768896661584366,-286.5,228135.0
-0.40528887233822636,-0.00026948367862978165,405.25,228136.0
-0.40642769657603484,-0.000272140502027778,-145.0,228137.0
-0.4075370684628655,-0.0002747286144758262,-141.25,228138.0
-0.40710117366354565,-0.00027371377275400903,55.5,228139.0
-0.40819680113210643,-0.00027626459113587384,-139.5,228140.0
-0.4077785777396283,-0.00027529258606843896,53.25,228141.0
-0.4088879496492534,-0.00027787090936938117,-141.25,228142.0
-0.40848150719740844,-0.0002769262847263811,51.75,228143.0
-0.4096242584388276,-0.0002795821858965552,-145.5,228144.0
-0.40920014457158743,-0.00027859840521274044,54.0,228145.0
-0.410350749785489,-0.0002812673657716083,-146.5,228146.0
-0.4087210529808161,-0.000277487097403246,207.5,228147.0
-0.4099128914873661,-0.0002802517033063736,-151.75,228148.0
-0.40955749977148687,-0.00027942864873556117,45.25,228149.0
-0.41077486366013394,-0.00028224795168530544,-155.0,228150.0
-0.409168728723177,-0.0002785282906967719,204.5,228151.0
-0.4116918135569052,-0.000284371523423258,-321.25,228152.0
-0.4101190578350666,-0.00028078017810874667,200.25,228153.0
-0.41274620784233257,-0.0002867792043644472,-334.5,228154.0
-0.4111498901181811,-0.0002831864764104317,203.25,228155.0
-0.4138575434288882,-0.0002892804147235773,-344.75,228156.0
-0.412286751055101,-0.00028575639369152005,200.0,228157.0
-0.4150925789327784,-0.00029205117626003227,-357.25,228158.0
-0.41351196904931925,-0.00028853077961752576,201.25,228159.0
-0.41639240966923796,-0.00029494621051759666,-366.75,228160.0
-0.41480590926316374,-0.0002914356672438752,202.0,228161.0
-0.41778059752455293,-0.00029801793588210296,-378.75,228162.0
-0.4161999875902834,-0.00029452042680370473,201.25,228163.0
-0.41920020122949314,-0.00030115917695499976,-382.0,228164.0
-0.41920020122949314,-0.00030115917695499976,0.0,228165.0
-0.419145223492649,-0.0003010375244653163,7.0,228166.0
-0.4191000632088127,-0.0003009375956345049,5.75,228167.0
-0.4190588299061796,-0.00030084635626724234,5.25,228168.0
-0.4190136696223433,-0.00030074642743643093,5.75,228169.0
-0.4189213855640692,-0.0003005422250430338,11.75,228170.0
-0.41888407924263926,-0.00030045967513932004,4.75,228171.0
-0.41885855386481874,-0.00030040319362625276,3.25,228172.0
-0.41880553961857614,-0.00030028588586834376,6.75,228173.0
-0.4187171825415052,-0.0003000903729384954,11.25,228174.0
-0.4171856598722751,-0.00029670148215445733,195.0,228175.0
-0.4171326456260325,-0.00029658417439654833,6.75,228176.0
-0.41860919055841844,-0.00029985141269090295,-188.0,228177.0
-0.41853261442495693,-0.00029968196815170105,9.75,228178.0
-0.41998559747012393,-0.0003028970696647628,-185.0,228179.0
-0.4198933134118498,-0.00030269286727136564,11.75,228180.0
-0.42133255198085207,-0.0003058964594595389,-183.25,228181.0
-0.4198128102995318,-0.00030251367589385523,193.5,228182.0
-0.42123045044894736,-0.00030567977661961107,-180.5,228183.0
-0.41818900364639244,-0.00029888713115673604,387.25,228184.0
-0.420926109246235,-0.0003050772300341515,-348.5,228185.0
-0.41938084231146017,-0.00030158253289173687,196.75,228186.0
-0.42207867775797114,-0.0003078347636171935,-343.5,228187.0
-0.42049806819869795,-0.00030417170267542305,201.25,228188.0
-0.42312718116864534,-0.00031040198459433106,-334.75,228189.0
-0.421530863883681,-0.00030661914725297766,203.25,228190.0
-0.4241265971795087,-0.0003129146025180788,-330.5,228191.0
-0.422494937293856,-0.0003089573231494713,207.75,228192.0
-0.4250749625972759,-0.00031524566830314543,-328.5,228193.0
-0.423400105988587,-0.00031116350816913935,213.25,228194.0
-0.42596245970783564,-0.00031748138472167454,-326.25,228195.0
-0.4242620778527634,-0.00031328883215884276,216.5,228196.0
-0.4255501268797037,-0.00031648320551347733,-164.0,228197.0
-0.426779271225534,-0.0003195314947207963,-156.5,228198.0
-0.42636104798965246,-0.0003184942972748555,53.25,228199.0
-0.42758037488863104,-0.00032151823912428853,-155.25,228200.0
-0.4271346627967013,-0.0003204148318805979,56.75,228201.0
-0.4283323913256754,-0.0003233799350464626,-152.5,228202.0
-0.42791416808748134,-0.0003223436704878475,53.25,228203.0
-0.4291295680144397,-0.0003253551623272032,-154.75,228204.0
-0.4286976003555429,-0.0003242828399258139,55.0,228205.0
-0.4299542335450608,-0.00032740232327531,-160.0,228206.0
-0.42827348679439553,-0.0003231738684754372,214.0,228207.0
-0.42787293499867624,-0.0003221661526119161,51.0,228208.0
-0.42748220064893044,-0.00032118313566661857,49.75,228209.0
-0.4288468256392486,-0.0003246162852996929,-173.75,228210.0
-0.4272230201436913,-0.00032050396181017326,206.75,228211.0
-0.4299522700092591,-0.0003274158477236343,-347.5,228212.0
-0.4283657708403282,-0.00032338479707610094,202.0,228213.0
-0.4311912316127188,-0.00033056385881100254,-359.75,228214.0
-0.4296459657142675,-0.00032663757556891253,196.75,228215.0
-0.43259708978716743,-0.0003341359284442128,-375.75,228216.0
-0.43105378744067135,-0.00033018996222735215,196.5,228217.0
-0.43406577955202635,-0.0003378911227574593,-383.5,228218.0
-0.43102826208379547,-0.0003301246981550631,386.75,228219.0
-0.43416199051255855,-0.00033813711810685645,-399.0,228220.0
-0.4312010491149553,-0.0003305664857213274,377.0,228221.0
-0.4344349154822315,-0.00033883494164902394,-411.75,228222.0
-0.4315721484233292,-0.0003315587973994984,364.5,228223.0
-0.433180245968762,-0.000335646014231022,-204.75,228224.0
-0.4348492116045047,-0.00033991568217294236,-212.5,228225.0
-0.4351280270401229,-0.00034062896787618083,-35.5,228226.0
-0.43545396620514,-0.0003414652283306783,-41.5,228227.0
-0.4357504530359688,-0.00034222592308145615,-37.75,228228.0
-0.4360783556807571,-0.0003430707896055936,-41.75,228229.0
-0.43641018530332726,-0.00034392577429169676,-42.25,228230.0
-0.4367596863154472,-0.00034483034462719095,-44.5,228231.0
-0.4370561731290995,-0.00034559770485561583,-37.75,228232.0
-0.43852093577167023,-0.00034939887940358555,-186.5,228233.0
-0.43882134955761304,-0.0003501784768644962,-38.25,228234.0
-0.44016241230100983,-0.00035369885498024996,-170.75,228235.0
-0.4391826314679864,-0.00035112686569802287,124.75,228236.0
-0.44168215179990433,-0.00035795376947544624,-318.25,228237.0
-0.44079269169750146,-0.00035552439994585255,113.25,228238.0
-0.44297216292451913,-0.0003616742006072899,-277.5,228239.0
-0.44220640276367507,-0.00035951345983435245,97.5,228240.0
-0.44405011731944777,-0.0003648186909808378,-234.75,228241.0
-0.4426501508889196,-0.0003607903312285012,178.25,228242.0
-0.4441482915563376,-0.00036514513221753265,-190.75,228243.0
-0.44302714041466573,-0.0003618861658155183,142.75,228244.0
-0.4442307579715839,-0.0003653997827196756,-153.25,228245.0
-0.4432686493208663,-0.0003625911819316869,122.5,228246.0
-0.4441993421789074,-0.0003653080733061903,-118.5,228247.0
-0.44343750920650243,-0.00036308412002917064,97.0,228248.0
-0.4440344092768544,-0.00036482334202230437,-76.0,228249.0
-0.44384198754364884,-0.00036426267177451787,24.5,228250.0
-0.4441404375814921,-0.00036513136688684825,-38.0,228251.0
-0.44399121256257046,-0.00036469701933068303,19.0,228252.0
-0.4440304823044842,-0.0003648112896076179,-5.0,228253.0
-0.4440913504044506,-0.0003649884085368669,-7.75,228254.0
-0.44398139512817775,-0.0003646680788557497,14.0,228255.0
-0.44415614547796844,-0.000365177174241811,-22.25,228256.0
-0.4440776059954709,-0.0003649481770687189,10.0,228257.0
-0.4440854599437207,-0.00036497107678602807,-1.0,228258.0
-0.4441129487626627,-0.00036505120249000434,-3.5,228259.0
-0.44410509481439353,-0.0003650283094317254,1.0,228260.0
-0.4441227661980272,-0.0003650798091810413,-2.25,228261.0
-0.4441208027109568,-0.00036507408698667286,0.25,228262.0
-0.4441227661980274,-0.00036507980912159577,-0.25,228263.0
-0.4441227661980274,-0.00036507980912159577,0.0,228264.0
-0.4441286566592412,-0.00036509697481293944,-0.75,228265.0
-0.4441286566592412,-0.00036509697481293944,0.0,228266.0
-0.4441306201463126,-0.00036510269667042156,-0.25,228267.0
-0.444132583633384,-0.0003651084185279037,-0.25,228268.0
-0.44413454712045547,-0.0003651141403457534,-0.25,228269.0
-0.44413651060752696,-0.0003651198621636031,-0.25,228270.0
-0.44413847409459856,-0.00036512558394182035,-0.25,228271.0
-0.44413847409459856,-0.00036512558394182035,0.0,228272.0
-0.44413847409459856,-0.00036512558394182035,0.0,228273.0
-0.44413847409459856,-0.00036512558394182035,0.0,228274.0
-0.4441404375816703,-0.0003651313056804052,-0.25,228275.0
-0.4441404375816703,-0.0003651313056804052,0.0,228276.0
-0.4441404375816703,-0.0003651313056804052,0.0,228277.0
