timestep,speed_front_right,current_front_right,acceleration_front_right,speed_rear_right,current_rear_right,acceleration_rear_right,speed_rear_left,current_rear_left,acceleration_rear_left,speed_front_left,current_front_left,acceleration_front_left,angle_front,angle_rear
4906.0,0.0,-20.0,1.0,0.0,-10.0,1.0,0.0,-4.0,1.0,0.0,40.0,1.0,-0.35,0.26
4907.0,0.0,-48.75,1.0,0.0,40.5,1.0,0.0,-11.0,1.0,-0.5,1.0,1.0,-0.35,0.26
4908.0,0.0,-21.5,1.0,0.0,7.75,1.0,0.0,3.75,1.0,0.0,10.5,1.0,-0.35,0.26
4909.0,0.0,-28.0,1.0,0.0,19.5,1.0,0.0,-16.0,1.0,0.0,-4.75,1.0,-0.35,0.26
4910.0,0.0,-11.5,1.0,-0.25,17.5,1.0,0.0,1.75,1.0,0.0,-16.5,1.0,-0.35,0.26
4911.0,0.0,-45.5,1.0,-1.0,-2.5,1.0,0.0,-26.0,1.0,0.0,-17.5,1.0,-0.35,0.26
4912.0,0.0,-24.25,1.0,0.0,1.5,1.0,0.0,-3.5,1.0,0.0,7.0,1.0,-0.35,0.26
4913.0,0.0,-28.0,1.0,0.0,31.0,1.0,0.0,-15.5,1.0,0.0,-8.0,1.0,-0.35,0.26
4914.0,0.0,-45.5,1.0,0.0,24.5,1.0,0.0,-11.0,1.0,0.0,25.5,1.0,-0.35,0.26
4915.0,0.0,-4.0,1.0,0.0,20.0,1.0,0.0,-13.75,1.0,0.0,25.5,1.0,-0.35,0.26
4916.0,0.0,-45.75,1.0,0.0,40.5,1.0,0.0,-3.5,1.0,0.0,28.75,1.0,-0.35,0.26
4917.0,0.0,-28.5,1.0,0.0,20.75,1.0,0.0,-18.0,1.0,0.0,1.0,1.0,-0.35,0.26
4918.0,0.0,-41.0,1.0,0.0,51.0,1.0,0.0,39.0,1.0,0.0,1.75,1.0,-0.35,0.26
4919.0,0.0,-29.0,1.0,0.0,10.5,1.0,0.0,5.5,1.0,0.0,-19.0,1.0,-0.35,0.26
4920.0,0.0,-12.5,1.0,0.0,10.5,1.0,0.0,5.0,1.0,0.0,6.0,1.0,-0.35,0.26
4921.0,0.0,-29.75,1.0,0.0,24.75,1.0,0.0,16.5,1.0,-1.0,1.0,1.0,-0.35,0.26
4922.0,0.0,-20.0,1.0,0.0,44.0,1.0,0.0,-4.25,1.0,0.0,22.5,1.0,-0.35,0.26
4923.0,0.0,-58.25,1.0,0.0,0.0,1.0,0.0,-7.5,1.0,0.0,28.75,1.0,-0.35,0.26
4924.0,0.0,-12.5,1.0,0.0,-0.5,1.0,0.0,-25.75,1.0,0.0,7.5,1.0,-0.35,0.26
4925.0,0.0,-37.25,1.0,0.0,4.0,1.0,0.0,-7.5,1.0,0.0,16.5,1.0,-0.35,0.26
4926.0,0.0,-44.5,1.0,0.0,10.75,1.0,0.0,-16.0,1.0,0.0,-8.0,1.0,-0.35,0.26
4927.0,0.0,-36.5,1.0,0.0,9.0,1.0,0.0,-3.5,1.0,-1.0,13.25,1.0,-0.35,0.26
4928.0,0.0,-20.0,1.0,0.0,-3.75,1.0,0.0,-12.0,1.0,0.0,-8.0,1.0,-0.35,0.26
4929.0,0.0,-20.5,1.0,0.0,40.5,1.0,0.0,-32.0,1.0,0.0,10.75,1.0,-0.35,0.26
4930.0,0.0,-24.5,1.0,0.0,19.5,1.0,0.0,-7.0,1.0,0.0,1.0,1.0,-0.35,0.26
4931.0,0.0,-36.5,1.0,0.0,35.25,1.0,0.0,-24.0,1.0,0.0,7.5,1.0,-0.35,0.26
4932.0,0.0,-20.75,1.0,0.0,-7.0,1.0,0.0,-4.0,1.0,-0.5,-8.75,1.0,-0.35,0.26
4933.0,0.0,-53.0,1.0,0.0,39.5,1.0,0.0,-8.5,1.0,0.0,1.0,1.0,-0.35,0.26
4934.0,0.0,-36.5,1.0,0.0,27.0,1.0,0.0,-3.5,1.0,-0.5,5.75,1.0,-0.35,0.26
4935.0,0.0,-29.0,1.0,0.0,34.75,1.0,0.0,-38.0,1.0,0.0,-8.0,1.0,-0.35,0.26
4936.0,0.0,-11.5,1.0,0.0,20.5,1.0,0.0,-29.0,1.0,0.0,-17.0,1.0,-0.35,0.26
4937.0,0.0,-20.75,1.0,0.0,32.5,1.0,0.0,-24.0,1.0,0.0,1.0,1.0,-0.35,0.26
4938.0,0.0,-36.5,1.0,0.0,40.5,1.0,0.0,-13.75,1.0,0.0,7.0,1.0,-0.35,0.26
4939.0,0.0,-28.5,1.0,0.0,40.5,1.0,0.0,39.0,1.0,-0.25,-4.5,1.0,-0.35,0.26
4940.0,0.0,-36.5,1.0,0.0,19.25,1.0,0.0,-4.0,1.0,0.0,-1.5,1.0,-0.35,0.26
4941.0,0.0,-33.25,1.0,0.0,14.0,1.0,0.0,11.5,1.0,0.0,-7.75,1.0,-0.35,0.26
4942.0,0.0,-20.0,1.0,0.0,22.5,1.0,0.0,-34.0,1.0,0.0,17.0,1.0,-0.35,0.26
4943.0,0.0,-3.0,1.0,0.0,24.5,1.0,0.0,33.5,1.0,0.0,3.0,1.0,-0.35,0.26
4944.0,0.0,-41.5,1.0,0.0,27.75,1.0,0.0,-7.5,1.0,0.0,5.0,1.0,-0.35,0.26
4945.0,0.0,-30.0,1.0,0.0,14.0,1.0,0.0,-21.5,1.0,0.0,26.5,1.0,-0.35,0.26
4946.0,0.0,-19.75,1.0,0.0,10.5,1.0,0.0,20.5,1.0,0.0,1.0,1.0,-0.35,0.26
4947.0,0.0,-12.5,1.0,0.0,12.5,1.0,0.0,15.75,1.0,0.0,-8.0,1.0,-0.35,0.26
4948.0,0.0,-28.5,1.0,0.0,40.5,1.0,0.0,-16.5,1.0,-0.25,11.5,1.0,-0.35,0.26
4949.0,0.0,-28.0,1.0,0.0,19.0,1.0,0.0,1.5,1.0,0.0,-8.0,1.0,-0.35,0.26
4950.0,0.0,-37.5,1.0,0.0,40.5,1.0,0.0,-7.5,1.0,0.0,1.0,1.0,-0.35,0.26
4951.0,0.0,-24.0,1.0,0.0,33.0,1.0,0.0,4.5,1.0,0.0,7.5,1.0,-0.35,0.26
4952.0,0.0,-45.5,1.0,0.0,15.5,1.0,0.0,9.25,1.0,0.0,25.75,1.0,-0.35,0.26
4953.0,0.0,-33.0,1.0,0.0,-43.75,1.0,0.0,9.0,1.0,0.0,25.5,1.0,-0.35,0.26
4954.0,0.0,-11.5,1.0,0.0,44.5,1.0,0.0,12.5,1.0,0.0,19.5,1.0,-0.35,0.26
4955.0,0.0,-11.5,1.0,0.0,23.5,1.0,0.0,11.5,1.0,0.0,22.5,1.0,-0.35,0.26
4956.0,0.0,-29.0,1.0,0.0,30.0,1.0,0.0,-5.75,1.0,0.0,26.0,1.0,-0.35,0.26
4957.0,0.0,-33.25,1.0,0.0,20.5,1.0,0.0,20.0,1.0,0.0,5.5,1.0,-0.35,0.26
4958.0,0.0,-11.5,1.0,0.0,25.0,1.0,0.0,-3.0,1.0,-0.5,-1.5,1.0,-0.35,0.26
4959.0,0.0,-11.5,1.0,0.0,14.0,1.0,0.0,-8.0,1.0,0.0,16.0,1.0,-0.35,0.26
4960.0,0.0,-16.0,1.0,0.0,27.0,1.0,0.0,-7.0,1.0,0.0,19.5,1.0,-0.35,0.26
4961.0,0.0,-62.5,1.0,0.0,0.0,1.0,0.0,0.25,1.0,0.0,21.0,1.0,-0.35,0.26
4962.0,0.0,-24.25,1.0,0.0,-2.0,1.0,0.0,-25.5,1.0,0.0,17.0,1.0,-0.35,0.26
4963.0,0.0,-46.0,1.0,0.0,31.0,1.0,0.0,-11.5,1.0,0.0,10.5,1.0,-0.35,0.26
4964.0,0.0,-25.5,1.0,0.0,2.5,1.0,0.0,-12.0,1.0,-0.25,4.0,1.0,-0.35,0.26
4965.0,0.0,-4.0,1.0,0.0,10.5,1.0,0.0,14.0,1.0,0.0,7.5,1.0,-0.35,0.26
4966.0,0.0,-28.0,1.0,0.0,20.5,1.0,0.0,-3.5,1.0,0.0,14.0,1.0,-0.35,0.26
4967.0,0.0,-32.75,1.0,0.0,25.25,1.0,0.0,-20.0,1.0,-1.0,25.5,1.0,-0.35,0.26
4968.0,0.0,-30.5,1.0,0.0,29.0,1.0,0.0,-6.5,1.0,0.0,18.25,1.0,-0.35,0.26
4969.0,0.0,-50.0,1.0,0.0,31.0,1.0,0.0,-16.0,1.0,0.0,19.0,1.0,-0.35,0.26
4970.0,0.0,-21.0,1.0,0.0,36.5,1.0,0.0,-3.5,1.0,0.0,41.5,1.0,-0.35,0.26
4971.0,0.0,-24.5,1.0,0.0,-10.5,1.0,0.0,-7.5,1.0,-1.0,-7.75,1.0,-0.35,0.26
4972.0,0.0,-11.5,1.0,0.0,0.25,1.0,0.0,-3.5,1.0,0.0,1.0,1.0,-0.35,0.26
4973.0,0.0,-45.5,1.0,0.0,40.5,1.0,0.0,15.5,1.0,-0.5,0.0,1.0,-0.35,0.26
4974.0,0.0,-53.0,1.0,0.0,9.0,1.0,0.0,-16.0,1.0,0.0,19.5,1.0,-0.35,0.26
4975.0,0.0,-45.5,1.0,0.0,31.0,1.0,0.0,-8.75,1.0,0.0,10.5,1.0,-0.35,0.26
4976.0,0.0,-33.25,1.0,0.0,20.0,1.0,0.0,-7.5,1.0,0.0,5.75,1.0,-0.35,0.26
4977.0,0.0,-11.5,1.0,0.0,27.75,1.0,0.0,20.0,1.0,0.0,35.5,1.0,-0.35,0.26
4978.0,0.0,-38.5,1.0,0.0,20.0,1.0,0.0,17.75,1.0,-1.0,-8.0,1.0,-0.35,0.26
4979.0,0.0,-53.0,1.0,0.0,34.75,1.0,0.0,1.5,1.0,0.0,17.0,1.0,-0.35,0.26
4980.0,0.0,-21.0,1.0,0.0,-3.0,1.0,0.0,3.25,1.0,-0.5,10.5,1.0,-0.35,0.26
4981.0,0.0,-16.5,1.0,0.0,20.5,1.0,0.0,-29.5,1.0,0.0,4.25,1.0,-0.35,0.26
4982.0,0.0,-36.5,1.0,0.0,35.75,1.0,0.0,-4.25,1.0,0.0,16.5,1.0,-0.35,0.26
4983.0,0.0,-53.0,1.0,0.0,0.0,1.0,0.0,-20.0,1.0,-0.5,4.0,1.0,-0.35,0.26
4984.0,0.0,-32.75,1.0,0.0,30.5,1.0,0.0,-10.5,1.0,-0.5,26.0,1.0,-0.35,0.26
4985.0,0.0,-12.5,1.0,0.0,40.5,1.0,0.0,-13.75,1.0,0.0,15.25,1.0,-0.35,0.26
4986.0,0.0,-28.5,1.0,0.0,27.0,1.0,0.0,-16.0,1.0,0.0,-16.5,1.0,-0.35,0.26
4987.0,0.0,-20.0,1.0,0.0,10.5,1.0,0.0,12.5,1.0,0.0,20.5,1.0,-0.35,0.26
4988.0,0.0,-28.5,1.0,0.0,30.5,1.0,0.0,11.5,1.0,-0.5,-0.25,1.0,-0.35,0.26
4989.0,0.0,-28.0,1.0,0.0,-10.0,1.0,0.0,-10.0,1.0,0.0,-8.0,1.0,-0.35,0.26
4990.0,0.0,-15.75,1.0,0.0,20.5,1.0,0.0,-12.0,1.0,-1.0,11.5,1.0,-0.35,0.26
4991.0,0.0,-20.5,1.0,0.0,41.0,1.0,0.0,0.5,1.0,0.0,25.5,1.0,-0.35,0.26
4992.0,0.0,-36.5,1.0,0.0,31.0,1.0,0.0,10.25,1.0,0.0,-7.75,1.0,-0.35,0.26
4993.0,0.0,-33.5,1.0,0.0,-5.25,1.0,0.0,-11.0,1.0,-0.5,1.0,1.0,-0.35,0.26
4994.0,0.0,-29.5,1.0,0.0,-10.0,1.0,0.0,-30.0,1.0,-0.5,42.75,1.0,-0.35,0.26
4995.0,0.0,-24.0,1.0,0.0,31.0,1.0,0.0,-7.0,1.0,0.0,7.5,1.0,-0.35,0.26
4996.0,0.0,-3.0,1.0,0.0,40.5,1.0,0.0,22.0,1.0,0.0,16.0,1.0,-0.35,0.26
4997.0,0.0,-4.0,1.0,0.0,10.5,1.0,0.0,20.0,1.0,-0.5,9.0,1.0,-0.35,0.26
4998.0,0.0,-20.0,1.0,0.0,5.25,1.0,0.0,-7.5,1.0,0.0,22.5,1.0,-0.35,0.26
4999.0,0.0,-20.0,1.0,0.0,6.5,1.0,0.0,-5.25,1.0,0.0,0.0,1.0,-0.35,0.26
5000.0,0.0,-49.25,1.0,0.0,20.5,1.0,0.0,11.5,1.0,0.0,26.0,1.0,-0.35,0.26
5001.0,0.0,-21.5,1.0,0.0,20.5,1.0,0.0,-5.0,1.0,0.0,-17.0,1.0,-0.35,0.26
5002.0,0.0,-24.0,1.0,0.0,31.0,1.0,0.0,-7.0,1.0,0.0,6.0,1.0,-0.35,0.26
5003.0,0.0,-28.0,1.0,0.0,8.5,1.0,0.0,-7.0,1.0,0.0,10.5,1.0,-0.35,0.26
5004.0,0.0,-29.0,1.0,0.0,20.5,1.0,0.0,-11.0,1.0,0.0,38.0,1.0,-0.35,0.26
5005.0,0.0,-20.25,1.0,0.0,5.5,1.0,0.0,-7.0,1.0,0.0,10.0,1.0,-0.35,0.26
5006.0,0.0,-20.0,1.0,0.0,10.5,1.0,0.0,-15.0,1.0,0.0,10.5,1.0,-0.35,0.26
5007.0,0.0,-36.75,1.0,0.0,0.0,1.0,0.0,-21.0,1.0,0.0,7.0,1.0,-0.35,0.26
5008.0,0.0,-53.0,1.0,0.0,0.0,1.0,0.0,-16.0,1.0,0.0,17.0,1.0,-0.35,0.26
5009.0,0.0,-53.25,1.0,0.0,20.5,1.0,0.0,-6.0,1.0,0.0,10.5,1.0,-0.35,0.26
5010.0,0.0,-30.0,1.0,0.0,16.25,1.0,0.0,3.5,1.0,0.0,35.5,1.0,-0.35,0.26
5011.0,0.0,-37.0,1.0,0.0,31.0,1.0,0.0,1.5,1.0,-0.25,1.25,1.0,-0.35,0.26
5012.0,0.0,-37.5,1.0,0.0,11.75,1.0,0.0,-20.0,1.0,0.0,35.0,1.0,-0.35,0.26
5013.0,0.0,-21.0,1.0,0.0,10.0,1.0,0.0,37.0,1.0,-1.0,6.0,1.0,-0.35,0.26
5014.0,0.0,-16.25,1.0,0.0,7.0,1.0,0.0,-20.0,1.0,0.0,25.5,1.0,-0.35,0.26
5015.0,0.0,-36.5,1.0,0.0,10.5,1.0,0.0,-11.75,1.0,0.0,-1.5,1.0,-0.35,0.26
5016.0,0.0,-21.0,1.0,0.0,14.0,1.0,0.0,-20.0,1.0,0.0,25.25,1.0,-0.35,0.26
5017.0,0.0,-28.5,1.0,0.0,50.0,1.0,0.0,-13.5,1.0,-0.5,35.5,1.0,-0.35,0.26
5018.0,0.0,-37.0,1.0,0.0,53.5,1.0,0.0,-11.0,1.0,0.0,7.0,1.0,-0.35,0.26
5019.0,0.0,-40.75,1.0,0.0,8.75,1.0,0.0,-34.0,1.0,0.0,-8.0,1.0,-0.35,0.26
5020.0,0.0,-29.0,1.0,0.0,-2.5,1.0,0.0,-7.5,1.0,0.0,19.0,1.0,-0.35,0.26
5021.0,0.0,-46.25,1.0,0.0,0.0,1.0,0.0,15.5,1.0,0.0,-8.0,1.0,-0.35,0.26
5022.0,0.0,-13.5,1.0,0.0,32.25,1.0,0.0,-27.75,1.0,-0.5,1.5,1.0,-0.35,0.26
5023.0,0.0,-24.5,1.0,0.0,0.0,1.0,0.0,-20.0,1.0,0.0,33.25,1.0,-0.35,0.26
5024.0,0.0,4.5,1.0,0.0,16.0,1.0,0.0,15.5,1.0,0.0,-11.0,1.0,-0.35,0.26
5025.0,0.0,-11.5,1.0,0.0,34.0,1.0,0.0,20.0,1.0,0.0,13.25,1.0,-0.35,0.26
5026.0,0.0,-11.5,1.0,0.0,22.5,1.0,0.0,35.0,1.0,-0.5,19.5,1.0,-0.35,0.26
5027.0,0.0,-22.0,1.0,0.0,40.5,1.0,0.0,5.25,1.0,0.0,29.25,1.0,-0.35,0.26
5028.0,0.0,-41.5,1.0,0.0,25.25,1.0,0.0,-25.5,1.0,0.0,-17.0,1.0,-0.35,0.26
5029.0,0.0,-45.5,1.0,0.0,29.0,1.0,0.0,-13.5,1.0,0.0,31.5,1.0,-0.35,0.26
5030.0,0.0,-4.0,1.0,0.0,44.5,1.0,0.0,0.5,1.0,0.0,15.25,1.0,-0.35,0.26
5031.0,0.0,-36.5,1.0,0.0,22.5,1.0,0.0,-20.0,1.0,0.0,35.5,1.0,-0.35,0.26
5032.0,0.0,-3.0,1.0,0.0,14.0,1.0,0.0,-11.0,1.0,-0.25,23.75,1.0,-0.35,0.26
5033.0,0.0,-12.0,1.0,0.0,31.0,1.0,0.0,0.5,1.0,0.0,-17.0,1.0,-0.35,0.26
5034.0,0.0,-20.0,1.0,0.0,20.5,1.0,0.0,-0.25,1.0,-0.5,5.5,1.0,-0.35,0.26
5035.0,0.0,-29.0,1.0,0.0,18.0,1.0,0.0,-16.0,1.0,0.0,-10.0,1.0,-0.35,0.26
5036.0,0.0,-20.0,1.0,0.0,26.0,1.0,0.0,14.5,1.0,0.0,7.0,1.0,-0.35,0.26
5037.0,0.0,-29.0,1.0,0.0,-0.5,1.0,0.0,-7.0,1.0,0.0,11.5,1.0,-0.35,0.26
5038.0,0.0,-29.0,1.0,0.0,20.0,1.0,0.0,12.75,1.0,-0.5,25.5,1.0,-0.35,0.26
5039.0,0.0,-45.0,1.0,0.0,20.5,1.0,0.0,-11.0,1.0,-0.5,-12.25,1.0,-0.35,0.26
5040.0,0.0,-32.75,1.0,0.0,27.75,1.0,0.0,12.5,1.0,-0.5,41.0,1.0,-0.35,0.26
5041.0,0.0,-12.5,1.0,0.0,0.0,1.0,0.0,-11.5,1.0,-0.5,-8.0,1.0,-0.35,0.26
5042.0,0.0,-20.75,1.0,0.0,43.0,1.0,0.0,-3.5,1.0,-1.0,-8.0,1.0,-0.35,0.26
5043.0,0.0,3.5,1.0,0.0,-86.25,1.0,0.0,-18.0,1.0,0.0,7.0,1.0,-0.35,0.26
5044.0,0.0,0.75,1.0,0.0,40.5,1.0,0.0,-25.0,1.0,0.0,-3.5,1.0,-0.35,0.26
5045.0,0.0,12.0,1.0,0.0,87.25,1.0,0.0,-76.0,1.0,0.0,-44.0,1.0,-0.35,0.26
5046.0,0.0,-3.0,1.0,0.0,71.875,1.0,0.0,-45.0,1.0,0.0,-48.5,1.0,-0.35,0.26
5047.0,0.0,27.75,1.0,0.0,56.5,1.0,0.0,-26.0,1.0,0.0,-44.0,1.0,-0.35,0.26
5048.0,0.0,47.5,1.0,0.0,87.0,1.0,0.0,-89.5,1.0,0.0,-51.5,1.0,-0.35,0.26
5049.0,0.0,56.25,1.0,0.0,77.0,1.0,0.0,-94.5,1.0,0.0,-67.0,1.0,-0.35,0.26
5050.0,0.0,218.0,1.0,0.0,256.0,1.0,-1.0,-333.25,1.0,0.0,-107.5,1.0,-0.35,0.26
5051.0,0.0,467.5,1.0,0.0,538.0,1.0,-0.5,-522.0,1.0,-1.0,-344.25,1.0,-0.35,0.26
5052.0,0.0,494.0,1.0,0.0,530.5,1.0,0.0,-544.0,1.0,-1.0,-372.0,1.0,-0.35,0.26
5053.0,0.0,468.5,1.0,0.0,551.0,1.0,0.0,-545.0,1.0,-0.25,-409.5,1.0,-0.35,0.26
5054.0,0.0,538.5,1.0,0.0,630.25,1.0,-1.0,-595.5,1.0,-1.0,-451.0,1.0,-0.35,0.26
5055.0,2.5,691.0,1.0,3.5,726.0,1.0,-5.25,-732.25,1.0,-3.5,-515.5,1.0,-0.35,0.26
5056.0,13.75,798.5,1.0,11.0,779.0,1.0,-12.5,-797.5,1.0,-15.25,-675.0,1.0,-0.35,0.26
5057.0,22.5,859.5,1.0,20.5,876.0,1.0,-20.25,-813.0,1.0,-24.5,-813.0,1.0,-0.35,0.26
5058.0,41.75,884.5,1.0,34.5,1018.5,1.0,-35.0,-863.0,1.0,-44.5,-825.75,1.0,-0.35,0.26
5059.0,65.5,844.5,1.0,71.0,884.5,1.0,-55.0,-874.5,1.0,-63.0,-877.5,1.0,-0.35,0.26
5060.0,93.5,728.5,1.0,107.5,723.5,1.0,-106.75,-698.0,1.0,-100.5,-710.25,1.0,-0.35,0.26
5061.0,152.25,279.0,1.0,150.0,392.25,1.0,-145.0,-497.5,1.0,-156.5,-490.0,1.0,-0.35,0.26
5062.0,122.5,-74.0,1.0,123.0,-21.5,1.0,-108.75,-19.5,1.0,-133.0,-29.5,1.0,-0.35,0.26
5063.0,8.5,-30.0,1.0,22.5,13.5,1.0,-11.5,-50.0,1.0,-16.0,-0.25,1.0,-0.35,0.26
5064.0,-12.5,-1.0,1.0,-10.25,11.0,1.0,8.75,-8.5,1.0,10.5,-15.0,1.0,-0.35,0.26
5065.0,-2.0,-19.5,1.0,-2.5,-1.5,1.0,0.0,-15.0,1.0,1.25,-10.5,1.0,-0.35,0.26
5066.0,-0.5,-4.5,1.0,-0.5,22.25,1.0,0.0,-37.0,1.0,0.0,-15.5,1.0,-0.35,0.26
5067.0,0.0,-4.5,1.0,0.0,9.5,1.0,0.0,-11.5,1.0,0.0,13.25,1.0,-0.35,0.26
5068.0,-0.25,4.0,1.0,0.0,1.5,1.0,0.0,-23.5,1.0,0.0,19.5,1.0,-0.35,0.26
5069.0,0.0,-18.5,1.0,0.0,-10.0,1.0,0.0,-9.25,1.0,0.0,-13.75,1.0,-0.35,0.26
5070.0,0.0,-18.0,1.0,0.0,15.0,1.0,0.0,9.0,1.0,0.0,-10.5,1.0,-0.35,0.26
5071.0,0.0,-18.0,1.0,0.0,1.0,1.0,0.0,7.25,1.0,0.0,-18.0,1.0,-0.35,0.26
5072.0,0.0,-21.5,1.0,0.0,9.5,1.0,0.0,-17.5,1.0,0.0,-13.0,1.0,-0.35,0.26
5073.0,0.0,-14.5,1.0,0.0,-59.5,1.0,0.0,-3.0,1.0,0.0,-10.0,1.0,-0.35,0.26
5074.0,0.0,-4.5,1.0,0.0,8.5,1.0,0.0,-5.5,1.0,0.0,-0.5,1.0,-0.35,0.26
5075.0,0.0,-23.25,1.0,0.0,-6.25,1.0,0.0,-9.0,1.0,0.0,2.0,1.0,-0.35,0.26
5076.0,0.0,-14.5,1.0,0.0,8.5,1.0,0.0,-14.5,1.0,0.0,-14.0,1.0,-0.35,0.26
5077.0,0.0,2.25,1.0,0.0,7.0,1.0,0.0,12.0,1.0,0.0,2.0,1.0,-0.35,0.26
5078.0,0.0,-11.0,1.0,0.0,1.0,1.0,0.0,-2.0,1.0,0.0,7.0,1.0,-0.35,0.26
5079.0,0.0,-12.75,1.0,0.0,-1.5,1.0,0.0,-30.0,1.0,0.0,4.5,1.0,-0.35,0.26
5080.0,0.0,2.0,1.0,0.0,-1.0,1.0,0.0,-3.5,1.0,0.0,-8.0,1.0,-0.35,0.26
5081.0,0.0,-28.0,1.0,0.0,-0.5,1.0,0.0,-7.25,1.0,0.0,5.75,1.0,-0.35,0.26
5082.0,0.0,-16.25,1.0,0.0,7.75,1.0,0.0,8.5,1.0,0.0,2.0,1.0,-0.35,0.26
5083.0,0.0,-133.0,1.0,0.0,-11.5,1.0,0.0,-8.0,1.0,0.0,23.25,1.0,-0.35,0.26
5084.0,0.0,-11.25,1.0,0.0,7.0,1.0,0.0,-11.5,1.0,0.0,-13.0,1.0,-0.35,0.26
5085.0,0.0,-1.0,1.0,0.0,-5.0,1.0,0.0,-11.5,1.0,0.0,-0.5,1.0,-0.35,0.26
5086.0,-0.5,-21.0,1.0,0.0,-14.0,1.0,0.0,15.5,1.0,0.0,-1.75,1.0,-0.35,0.26
5087.0,0.0,-7.5,1.0,0.0,-31.5,1.0,0.0,-1.75,1.0,0.0,-2.0,1.0,-0.35,0.26
5088.0,0.0,-43.5,1.0,0.0,-29.0,1.0,0.0,34.0,1.0,0.0,49.0,1.0,-0.35,0.26
5089.0,0.0,-48.5,1.0,0.0,-44.0,1.0,0.0,24.5,1.0,0.0,33.5,1.0,-0.35,0.26
5090.0,0.0,-45.0,1.0,0.0,-69.0,1.0,0.0,33.0,1.0,0.0,52.5,1.0,-0.35,0.26
5091.0,0.0,-76.5,1.0,0.0,-79.5,1.0,0.0,43.0,1.0,0.0,75.5,1.0,-0.35,0.26
5092.0,-1.0,-62.5,1.0,0.0,-65.5,1.0,0.0,80.0,1.0,0.0,75.5,1.0,-0.35,0.26
5093.0,0.0,-59.0,1.0,0.0,-80.0,1.0,0.0,52.0,1.0,0.0,71.75,1.0,-0.35,0.26
5094.0,0.0,-81.0,1.0,0.0,-115.75,1.0,0.0,62.0,1.0,0.0,74.0,1.0,-0.35,0.26
5095.0,0.0,-102.5,1.0,0.0,-177.5,1.0,0.0,135.0,1.0,0.0,164.25,1.0,-0.35,0.26
5096.0,0.0,-169.5,1.0,-0.25,-258.75,1.0,0.0,144.5,1.0,0.0,203.0,1.0,-0.35,0.26
5097.0,-1.5,-241.0,1.0,-3.0,-333.0,1.0,0.0,209.0,1.0,2.0,274.75,1.0,-0.35,0.26
5098.0,-26.25,-543.0,1.0,-21.5,-496.0,1.0,20.0,323.0,1.0,23.0,424.0,1.0,-0.35,0.26
5099.0,-74.5,-592.5,1.0,-82.25,-685.75,1.0,76.5,625.75,1.0,69.0,480.5,1.0,-0.35,0.26
5100.0,-114.75,-640.25,1.0,-102.0,-744.5,1.0,113.33333333333334,568.0833333333334,1.0,111.25,584.5,1.0,-0.35,0.26
5101.0,-139.5,-556.5,1.0,-149.0,-529.25,1.0,150.16666666666669,510.4166666666667,1.0,127.5,564.5,1.0,-0.35,0.26
5102.0,-189.5,-405.0,1.0,-185.0,-468.0,1.0,187.0,452.75,1.0,189.25,467.5,1.0,-0.35,0.26
5103.0,-205.25,-455.5,1.0,-202.5,-496.5,1.0,198.5,400.0,1.0,201.5,414.0,1.0,-0.35,0.26
5104.0,-202.5,-433.0,1.0,-208.0,-436.5,1.0,205.25,418.75,1.0,195.5,402.5,1.0,-0.35,0.26
5105.0,-203.0,-421.75,1.0,-203.5,-510.5,1.0,198.0,457.0,1.0,206.25,468.5,1.0,-0.35,0.26
5106.0,-196.0,-438.0,1.0,-199.75,-473.0,1.0,192.5,476.0,1.0,191.0,396.5,1.0,-0.35,0.26
5107.0,-204.0,-446.0,1.0,-196.5,-494.0,1.0,206.5,509.0,1.0,197.75,500.0,1.0,-0.3075,0.24
5108.0,-212.25,-527.25,1.0,-209.0,-528.5,1.0,203.0,487.0,1.0,214.5,556.0,1.0,-0.35,0.26
5109.0,-234.5,-482.0,1.0,-236.0,-573.0,1.0,223.0,478.0,1.0,232.25,572.5,1.0,-0.43,0.3625
5110.0,-246.0,-527.5,1.0,-236.0,-499.5,1.0,243.0,552.0,1.0,243.0,565.5,1.0,-0.7449999999999999,0.7
5111.0,-266.0,-486.0,1.0,-263.75,-572.75,1.0,260.0,523.0,1.0,260.0,574.0,1.0,-0.90125,0.9125
5112.0,-289.0,-485.0,1.0,-272.5,-444.0,1.0,282.5,471.5,1.0,290.0,666.0,1.0,-1.4475,1.5125000000000002
5113.0,-305.0,-443.0,1.0,-303.75,-452.75,1.0,296.5,523.0,1.0,301.5,528.0,1.0,-2.0975,2.175
5114.0,-314.5,-406.0,1.0,-311.5,-458.0,1.0,323.0,646.5,1.0,323.5,661.75,1.0,-3.815,3.815
5115.0,-327.25,-477.25,1.0,-322.0,-493.25,1.0,333.0,593.0,1.0,344.0,666.0,1.0,-4.89,4.935
5116.0,-336.0,-474.0,1.0,-328.5,-466.5,1.0,351.0,610.75,1.0,349.75,712.75,1.0,-5.19,5.23
5117.0,-338.0,-463.0,1.0,-334.5,-483.0,1.0,363.0,761.0,1.0,363.5,753.0,1.0,-5.19,5.36
5118.0,-342.0,-434.0,1.0,-354.0,-520.25,1.0,376.0,651.5,1.0,374.5,687.0,1.0,-5.19,5.36
5119.0,-355.75,-466.75,1.0,-366.0,-512.5,1.0,386.0,631.0,1.0,385.75,645.25,1.0,-5.19,5.36
5120.0,-365.0,-376.0,1.0,-370.0,-537.75,1.0,401.5,596.5,1.0,392.5,570.5,1.0,-5.19,5.36
5121.0,-369.5,-398.0,1.0,-380.0,-422.5,1.0,408.25,546.75,1.0,412.0,599.25,1.0,-5.19,5.36
5122.0,-383.75,-407.25,1.0,-394.75,-537.0,1.0,415.0,497.0,1.0,414.5,656.5,1.0,-5.19,5.36
5123.0,-392.5,-368.0,1.0,-394.0,-464.0,1.0,433.0,712.0,1.0,432.25,585.5,1.0,-5.2575,5.385
5124.0,-401.0,-381.0,1.0,-399.0,-399.0,1.0,426.5,467.5,1.0,431.0,598.0,1.0,-5.19,5.36
5125.0,-403.5,-453.0,1.0,-404.5,-467.5,1.0,435.75,567.25,1.0,433.5,529.5,1.0,-5.19,5.36
5126.0,-403.5,-357.75,1.0,-407.5,-542.0,1.0,435.0,463.0,1.0,443.5,573.0,1.0,-5.19,5.36
5127.0,-402.5,-366.5,1.0,-397.75,-391.5,1.0,445.0,470.0,1.0,443.5,586.0,1.0,-5.25,5.36
5128.0,-408.5,-375.5,1.0,-411.5,-304.5,1.0,442.5,496.5,1.0,445.5,548.0,1.0,-5.27,5.36
5129.0,-408.5,-357.5,1.0,-410.5,-374.5,1.0,457.0,636.0,1.0,452.5,501.5,1.0,-5.27,5.36
5130.0,-412.5,-376.0,1.0,-414.5,-382.0,1.0,450.0,488.5,1.0,451.5,641.5,1.0,-5.27,5.36
5131.0,-412.0,-308.0,1.0,-415.5,-312.0,1.0,452.5,549.0,1.0,450.75,623.5,1.0,-5.27,5.36
5132.0,-412.0,-419.0,1.0,-425.0,-422.0,1.0,454.5,495.5,1.0,451.5,507.5,1.0,-5.55,5.595000000000001
5133.0,-420.5,-400.5,1.0,-428.0,-445.0,1.0,461.0,658.0,1.0,461.0,624.5,1.0,-5.592499999999999,5.654999999999999
5134.0,-430.75,-352.75,1.0,-441.0,-419.5,1.0,488.0,682.0,1.0,466.5,611.0,1.0,-5.955,6.04
5135.0,-444.5,-396.5,1.0,-451.0,-512.0,1.0,489.0,617.0,1.0,478.25,535.0,1.0,-6.19,6.29125
5136.0,-440.0,-383.0,1.0,-443.5,-373.0,1.0,481.5,424.5,1.0,485.5,568.0,1.0,-6.69,6.7325
5137.0,-443.5,-336.0,1.0,-451.0,-439.0,1.0,492.75,549.0,1.0,494.5,516.0,1.0,-7.0825,7.2
5138.0,-439.0,-327.75,1.0,-438.5,-355.0,1.0,496.0,594.5,1.0,498.75,534.0,1.0,-7.795,7.8175
5139.0,-434.0,-378.5,1.0,-441.5,-399.75,1.0,503.0,585.5,1.0,491.5,550.5,1.0,-8.098749999999999,8.11
5140.0,-429.0,-346.0,1.0,-430.0,-362.5,1.0,503.0,545.25,1.0,501.75,651.25,1.0,-8.0,8.26
5141.0,-426.0,-284.0,1.0,-432.75,-352.5,1.0,495.5,554.0,1.0,501.0,647.0,1.0,-8.58,8.774999999999999
5142.0,-418.0,-420.0,1.0,-421.0,-253.0,1.0,497.75,599.25,1.0,496.0,710.25,1.0,-9.665,9.732500000000002
5143.0,-412.0,-356.25,1.0,-415.5,-303.5,1.0,500.5,618.0,1.0,485.5,608.5,1.0,-10.11,10.215
5144.0,-398.0,-345.0,1.0,-408.75,-375.25,1.0,487.5,670.0,1.0,497.0,695.0,1.0,-10.37,10.46
5145.0,-397.5,-336.0,1.0,-408.0,-359.0,1.0,483.5,731.0,1.0,475.5,612.25,1.0,-10.46,10.46
5146.0,-395.0,-305.5,1.0,-412.5,-361.25,1.0,494.0,812.0,1.0,481.5,654.5,1.0,-11.095,11.095
5147.0,-407.0,-488.0,1.0,-415.0,-346.0,1.0,500.25,709.75,1.0,494.0,692.75,1.0,-11.355,11.36625
5148.0,-409.5,-343.0,1.0,-431.5,-377.5,1.0,511.0,631.0,1.0,502.5,687.0,1.0,-11.735,11.735
5149.0,-425.0,-372.0,1.0,-432.5,-370.25,1.0,528.75,558.25,1.0,525.5,536.0,1.0,-11.87,12.04
5150.0,-426.5,-330.0,1.0,-449.0,-426.5,1.0,554.0,526.0,1.0,537.75,618.5,1.0,-11.87,12.04
5151.0,-435.5,-306.0,1.0,-444.5,-346.25,1.0,548.0,538.5,1.0,554.5,687.0,1.0,-11.9675,12.095
5152.0,-442.0,-271.0,1.0,-451.5,-505.5,1.0,557.5,669.5,1.0,552.5,649.5,1.0,-11.87,12.04
5153.0,-437.5,-375.75,1.0,-438.0,-336.0,1.0,542.0,521.0,1.0,545.0,592.0,1.0,-11.87,12.04
5154.0,-428.0,-392.0,1.0,-434.5,-444.5,1.0,544.0,597.5,1.0,534.5,766.5,1.0,-11.87,12.04
5155.0,-420.5,-410.5,1.0,-429.5,-356.0,1.0,535.0,598.5,1.0,525.25,726.5,1.0,-11.87,12.04
5156.0,-424.0,-393.5,1.0,-432.75,-419.5,1.0,530.5,682.0,1.0,525.5,826.0,1.0,-11.87,12.04
5157.0,-425.0,-363.5,1.0,-438.0,-261.5,1.0,539.0,725.0,1.0,526.75,813.5,1.0,-11.87,12.04
5158.0,-425.25,-386.0,1.0,-439.25,-407.0,1.0,536.5,691.5,1.0,522.5,797.0,1.0,-11.87,12.04
5159.0,-420.5,-286.0,1.0,-436.5,-343.5,1.0,536.5,705.5,1.0,531.5,778.5,1.0,-11.87,12.04
5160.0,-419.5,-377.0,1.0,-437.5,-286.5,1.0,530.5,722.5,1.0,530.0,768.0,1.0,-11.87,12.04
5161.0,-422.0,-323.5,1.0,-440.75,-378.5,1.0,539.0,695.75,1.0,542.5,808.0,1.0,-11.87,12.04
5162.0,-421.0,-276.0,1.0,-443.5,-392.0,1.0,542.5,805.0,1.0,542.75,849.5,1.0,-11.87,12.04
5163.0,-428.0,-350.75,1.0,-442.5,-355.75,1.0,543.0,728.5,1.0,535.0,760.5,1.0,-11.87,12.04
5164.0,-418.5,-344.5,1.0,-436.5,-412.0,1.0,540.5,807.0,1.0,530.5,776.25,1.0,-11.87,12.04
5165.0,-418.5,-392.75,1.0,-432.5,-460.25,1.0,532.0,742.0,1.0,524.0,917.0,1.0,-11.87,12.04
5166.0,-406.0,-488.0,1.0,-415.5,-425.0,1.0,527.5,773.0,1.0,516.5,967.0,1.0,-11.87,12.04
5167.0,-412.5,-472.75,1.0,-416.5,-470.5,1.0,514.0,698.0,1.0,514.75,849.0,1.0,-11.87,12.04
5168.0,-415.0,-465.0,1.0,-424.75,-418.75,1.0,517.5,730.0,1.0,515.5,835.0,1.0,-11.87,12.04
5169.0,-415.0,-244.0,1.0,-420.5,-451.0,1.0,522.5,721.0,1.0,518.75,901.25,1.0,-11.947499999999998,12.075
5170.0,-410.75,-360.75,1.0,-416.75,-388.25,1.0,505.0,761.0,1.0,514.5,771.0,1.0,-11.989999999999998,12.075
5171.0,-409.5,-388.0,1.0,-420.5,-332.5,1.0,518.5,780.0,1.0,516.0,739.5,1.0,-11.87,12.04
5172.0,-410.5,-460.5,1.0,-419.0,-392.0,1.0,524.0,840.0,1.0,517.5,787.5,1.0,-11.87,12.04
5173.0,-412.0,-421.5,1.0,-425.5,-415.0,1.0,523.5,739.5,1.0,526.5,777.0,1.0,-11.87,12.04
5174.0,-414.25,-457.75,1.0,-425.0,-458.0,1.0,518.5,749.5,1.0,519.25,912.25,1.0,-11.82,11.905
5175.0,-414.0,-547.5,1.0,-426.25,-376.25,1.0,523.0,804.5,1.0,512.0,838.5,1.0,-11.287499999999998,11.37
5176.0,-418.0,-505.0,1.0,-434.0,-657.0,1.0,525.0,693.0,1.0,518.25,879.0,1.0,-10.0,9.8875
5177.0,-429.5,-475.25,1.0,-443.5,-468.25,1.0,525.0,761.0,1.0,520.0,734.0,1.0,-8.84,8.7525
5178.0,-434.0,-425.0,1.0,-448.5,-601.0,1.0,518.0,774.5,1.0,509.0,699.25,1.0,-7.675000000000001,7.567500000000001
5179.0,-449.0,-637.0,1.0,-451.0,-655.0,1.0,526.0,733.0,1.0,524.5,901.0,1.0,-6.975,6.8575
5180.0,-455.5,-532.0,1.0,-452.75,-600.5,1.0,516.0,674.0,1.0,520.5,681.0,1.0,-5.64,5.595
5181.0,-463.0,-680.5,1.0,-472.5,-633.0,1.0,516.0,781.0,1.0,517.25,720.0,1.0,-4.7475000000000005,4.62
5182.0,-483.0,-633.0,1.0,-474.75,-514.25,1.0,520.0,537.0,1.0,516.0,763.5,1.0,-3.94,3.8725
5183.0,-489.5,-517.0,1.0,-480.5,-465.0,1.0,517.0,523.0,1.0,529.75,617.75,1.0,-3.38125,3.30375
5184.0,-494.25,-480.5,1.0,-499.0,-630.25,1.0,521.0,558.0,1.0,526.0,521.0,1.0,-2.56,2.4725
5185.0,-504.5,-528.5,1.0,-515.5,-653.5,1.0,525.0,593.0,1.0,535.5,583.0,1.0,-2.0025,1.91375
5186.0,-515.25,-491.25,1.0,-521.0,-522.0,1.0,522.0,684.0,1.0,533.0,659.25,1.0,-1.75,1.71
5187.0,-519.5,-626.0,1.0,-518.5,-538.5,1.0,525.0,549.0,1.0,524.5,740.0,1.0,-1.6887500000000002,1.64375
5188.0,-523.5,-505.5,1.0,-524.0,-494.0,1.0,537.0,679.5,1.0,533.0,691.5,1.0,-0.755,0.755
5189.0,-526.0,-497.5,1.0,-526.75,-614.0,1.0,549.0,810.0,1.0,536.5,707.0,1.0,-0.44625,0.40125
5190.0,-531.5,-596.5,1.0,-534.5,-662.5,1.0,542.0,707.3333333333334,1.0,529.0,547.0,1.0,0.6725,-0.85
5191.0,-546.75,-485.5,1.0,-544.5,-686.0,1.0,535.0,604.6666666666666,1.0,536.5,612.0,1.0,1.1437499999999998,-1.21625
5192.0,-548.0,-538.0,1.0,-536.5,-643.0,1.0,528.0,502.0,1.0,526.0,478.5,1.0,2.31,-2.3775
5193.0,-556.0,-542.75,1.0,-553.5,-666.5,1.0,526.0,557.5,1.0,535.0,524.5,1.0,3.06125,-3.185
5194.0,-569.5,-573.0,1.0,-560.0,-527.5,1.0,524.0,613.0,1.0,536.0,482.0,1.0,5.3225,-5.4325
5195.0,-583.5,-673.0,1.0,-576.5,-611.5,1.0,528.0,455.0,1.0,532.75,480.25,1.0,6.45625,-6.56375
5196.0,-607.0,-735.5,1.0,-604.5,-628.75,1.0,515.5,317.5,1.0,539.0,465.0,1.0,8.26,-8.3475
5197.0,-613.0,-579.0,1.0,-615.5,-723.0,1.0,507.0,456.0,1.0,518.5,409.5,1.0,9.14125,-9.20625
5198.0,-633.5,-533.25,1.0,-625.0,-771.5,1.0,508.75,424.75,1.0,512.0,396.25,1.0,9.245,-9.29
5199.0,-638.5,-729.5,1.0,-629.75,-716.5,1.0,510.5,393.5,1.0,519.5,579.0,1.0,9.46625,-9.55625
5200.0,-637.0,-703.0,1.0,-620.5,-822.0,1.0,512.25,362.25,1.0,519.75,462.0,1.0,9.6725,-9.715
5201.0,-634.0,-626.0,1.0,-632.5,-945.75,1.0,514.0,331.0,1.0,515.0,564.0,1.0,9.6475,-9.76
5202.0,-640.5,-769.0,1.0,-616.5,-595.5,1.0,519.9,336.4,1.0,513.25,506.75,1.0,9.67,-9.76
5203.0,-640.0,-585.25,1.0,-623.5,-724.5,1.0,525.8,341.8,1.0,511.0,364.0,1.0,9.84,-9.885
5204.0,-648.0,-716.0,1.0,-630.75,-737.5,1.0,531.7,347.2,1.0,508.0,473.5,1.0,10.025,-10.07
5205.0,-662.0,-766.75,1.0,-644.5,-644.0,1.0,537.6,352.6,1.0,531.5,463.25,1.0,11.08125,-11.125
5206.0,-691.5,-823.0,1.0,-688.75,-827.25,1.0,543.5,358.0,1.0,546.5,505.5,1.0,11.53,-11.595
5207.0,-712.0,-725.0,1.0,-722.0,-787.0,1.0,549.4,363.4,1.0,558.0,332.0,1.0,12.0375,-12.1725
5208.0,-746.5,-754.25,1.0,-740.5,-848.5,1.0,555.3,368.8,1.0,562.5,320.0,1.0,12.3,-12.48
5209.0,-758.5,-672.0,1.0,-753.75,-903.5,1.0,561.2,374.2,1.0,578.0,425.5,1.0,12.3,-12.48
5210.0,-770.0,-861.5,1.0,-756.5,-852.0,1.0,567.1,379.6,1.0,577.5,367.75,1.0,12.3,-12.48
5211.0,-774.0,-773.5,1.0,-755.75,-740.25,1.0,573.0,385.0,1.0,591.0,512.0,1.0,12.3,-12.48
5212.0,-780.5,-766.0,1.0,-758.5,-886.0,1.0,563.0,564.0,1.0,578.0,478.25,1.0,12.3,-12.48
5213.0,-778.75,-591.5,1.0,-762.25,-615.75,1.0,564.5,603.5,1.0,592.5,694.0,1.0,12.3,-12.48
5214.0,-783.5,-590.0,1.0,-780.0,-755.5,1.0,566.0,643.0,1.0,585.5,543.25,1.0,12.3,-12.48
5215.0,-810.0,-705.75,1.0,-807.5,-856.5,1.0,588.0,568.0,1.0,614.0,537.5,1.0,12.3,-12.48
5216.0,-851.0,-858.0,1.0,-831.0,-807.0,1.0,604.0,342.5,1.0,654.0,397.0,1.0,12.3,-12.48
5217.0,-880.5,-535.5,1.0,-859.5,-954.0,1.0,641.0,468.0,1.0,666.5,416.5,1.0,12.3,-12.48
5218.0,-898.0,-745.0,1.0,-865.25,-664.25,1.0,657.0,322.0,1.0,683.0,544.0,1.0,12.3,-12.48
5219.0,-893.5,-698.5,1.0,-864.5,-812.5,1.0,666.5,376.5,1.0,677.0,357.75,1.0,12.3,-12.48
5220.0,-878.0,-587.25,1.0,-857.5,-588.5,1.0,661.75,444.25,1.0,674.5,587.5,1.0,12.3,-12.48
5221.0,-876.5,-722.5,1.0,-858.25,-687.0,1.0,657.0,512.0,1.0,662.0,375.0,1.0,12.3,-12.48
5222.0,-882.0,-545.0,1.0,-854.5,-748.5,1.0,640.0,420.0,1.0,663.5,504.5,1.0,12.3,-12.48
5223.0,-894.0,-838.5,1.0,-872.75,-885.75,1.0,646.5,339.0,1.0,667.0,380.5,1.0,12.3,-12.48
5224.0,-886.5,-502.5,1.0,-860.5,-824.5,1.0,665.0,582.0,1.0,671.5,370.25,1.0,12.3,-12.48
5225.0,-889.0,-747.5,1.0,-850.5,-731.0,1.0,651.0,229.0,1.0,664.5,390.5,1.0,12.3,-12.48
5226.0,-870.0,-451.5,1.0,-844.25,-614.75,1.0,650.25,510.75,1.0,659.5,424.0,1.0,11.9575,-12.0875
5227.0,-857.0,-658.0,1.0,-829.5,-621.0,1.0,658.125,541.875,1.0,669.0,575.25,1.0,10.5725,-10.6175
5228.0,-853.5,-535.5,1.0,-836.0,-706.0,1.0,666.0,573.0,1.0,673.5,484.5,1.0,9.8075,-9.745
5229.0,-860.0,-603.0,1.0,-847.5,-746.5,1.0,681.0,498.0,1.0,681.0,526.0,1.0,9.84,-9.76
5230.0,-864.5,-645.0,1.0,-853.5,-856.5,1.0,670.0,479.0,1.0,675.0,378.0,1.0,9.5775,-9.5775
5231.0,-862.0,-636.0,1.0,-835.5,-711.25,1.0,676.0,464.3333333333333,1.0,695.5,572.5,1.0,8.75375,-8.719999999999999
5232.0,-850.75,-513.5,1.0,-824.0,-555.0,1.0,682.0,449.6666666666667,1.0,700.5,527.75,1.0,7.1875,-7.1875
5233.0,-829.5,-566.5,1.0,-812.75,-658.25,1.0,688.0,435.0,1.0,705.0,663.0,1.0,6.31625,-6.29375
5234.0,-821.5,-621.5,1.0,-807.0,-529.0,1.0,691.5,494.5,1.0,713.25,735.0,1.0,6.067500000000001,-6.067500000000001
5235.0,-827.75,-556.75,1.0,-817.25,-492.5,1.0,693.0,498.0,1.0,704.5,531.0,1.0,5.342499999999999,-5.41
5236.0,-825.5,-479.5,1.0,-818.0,-661.5,1.0,702.5,454.0,1.0,716.5,691.5,1.0,4.24,-4.24
5237.0,-824.0,-470.25,1.0,-808.0,-598.5,1.0,715.0,420.0,1.0,737.0,677.5,1.0,3.50875,-3.49625
5238.0,-826.0,-481.0,1.0,-807.5,-642.25,1.0,735.0,678.5,1.0,741.5,601.0,1.0,2.615,-2.635
5239.0,-823.5,-441.0,1.0,-813.0,-640.0,1.0,748.0,547.0,1.0,752.75,616.25,1.0,1.7775,-1.7887499999999998
5240.0,-812.75,-478.5,1.0,-803.5,-578.25,1.0,765.0,564.0,1.0,754.0,481.0,1.0,1.58,-1.535
5241.0,-799.0,-425.5,1.0,-786.0,-311.0,1.0,758.0,568.0,1.0,760.75,522.5,1.0,1.49,-1.49
5242.0,-803.5,-512.25,1.0,-792.0,-501.0,1.0,746.0,272.0,1.0,756.0,649.5,1.0,1.49,-1.49
5243.0,-801.5,-546.0,1.0,-796.0,-481.0,1.0,752.0,440.0,1.0,747.5,496.5,1.0,1.49,-1.49
5244.0,-807.25,-481.75,1.0,-799.5,-543.5,1.0,750.0,515.0,1.0,755.5,730.0,1.0,1.49,-1.49
5245.0,-815.0,-562.5,1.0,-805.25,-610.75,1.0,759.75,554.25,1.0,771.5,702.0,1.0,1.475,-1.475
5246.0,-813.5,-454.0,1.0,-812.0,-787.0,1.0,769.5,593.5,1.0,766.5,501.0,1.0,1.4325,-1.4325
5247.0,-802.5,-439.0,1.0,-799.0,-523.25,1.0,770.0,429.0,1.0,758.0,446.0,1.0,1.49,-1.49
5248.0,-799.0,-439.0,1.0,-782.0,-395.5,1.0,760.25,609.25,1.0,751.5,591.0,1.0,1.49,-1.49
5249.0,-798.0,-541.75,1.0,-783.5,-467.0,1.0,750.0,514.5,1.0,743.0,483.0,1.0,1.49,-1.49
5250.0,-793.5,-390.5,1.0,-791.0,-527.0,1.0,743.0,478.0,1.0,743.0,340.0,1.0,1.49,-1.49
5251.0,-797.5,-425.0,1.0,-789.5,-462.0,1.0,745.0,474.5,1.0,749.0,693.5,1.0,1.49,-1.49
5252.0,-815.0,-568.75,1.0,-805.25,-566.0,1.0,744.0,384.0,1.0,758.5,654.5,1.0,1.4075,-1.3675
5253.0,-811.5,-422.0,1.0,-813.0,-731.5,1.0,756.0,599.0,1.0,776.5,733.0,1.0,1.43,-1.32
5254.0,-808.25,-378.25,1.0,-813.5,-656.0,1.0,761.5,589.5,1.0,769.25,591.5,1.0,1.3,-1.3
5255.0,-812.5,-554.5,1.0,-791.25,-356.25,1.0,767.0,580.0,1.0,755.0,586.0,1.0,1.3975,-1.31875
5256.0,-804.5,-537.5,1.0,-786.5,-566.5,1.0,760.0,421.0,1.0,744.25,437.75,1.0,1.4425,-1.375
5257.0,-795.5,-408.25,1.0,-790.0,-528.25,1.0,749.0,595.5,1.0,749.0,501.5,1.0,1.91875,-2.015
5258.0,-801.0,-531.0,1.0,-799.5,-638.5,1.0,743.5,472.0,1.0,761.0,578.0,1.0,3.9475,-4.074999999999999
5259.0,-838.75,-637.25,1.0,-833.5,-641.0,1.0,744.25,490.5,1.0,761.5,548.75,1.0,4.827500000000001,-5.016249999999999
5260.0,-845.0,-504.5,1.0,-847.5,-789.75,1.0,745.0,509.0,1.0,761.0,796.0,1.0,4.875,-5.1
5261.0,-851.0,-514.0,1.0,-827.0,-504.0,1.0,741.0,370.5,1.0,748.75,446.0,1.0,4.92,-5.1
5262.0,-845.75,-512.75,1.0,-828.0,-596.0,1.0,744.0,410.0,1.0,742.5,561.0,1.0,4.92,-5.1
5263.0,-843.0,-558.5,1.0,-825.75,-409.25,1.0,743.5,501.0,1.0,727.0,423.5,1.0,4.92,-5.1
5264.0,-841.5,-549.0,1.0,-828.5,-512.5,1.0,738.0,422.0,1.0,730.75,374.5,1.0,4.92,-5.1
5265.0,-840.0,-301.0,1.0,-835.5,-520.5,1.0,742.0,529.0,1.0,740.0,446.0,1.0,4.92,-5.1
5266.0,-858.0,-535.5,1.0,-859.5,-680.0,1.0,744.0,505.5,1.0,753.5,578.5,1.0,4.92,-5.1
5267.0,-861.0,-497.75,1.0,-861.0,-724.5,1.0,747.0,327.0,1.0,766.75,554.75,1.0,4.92,-5.1
5268.0,-861.0,-438.0,1.0,-841.25,-598.25,1.0,742.0,450.0,1.0,769.5,508.0,1.0,4.6725,-4.8525
5269.0,-848.0,-325.5,1.0,-832.0,-488.5,1.0,739.0,510.0,1.0,749.25,577.25,1.0,3.5225,-3.5225
5270.0,-823.0,-451.25,1.0,-803.75,-400.5,1.0,745.0,608.5,1.0,741.5,673.0,1.0,1.91,-1.91
5271.0,-808.5,-529.5,1.0,-794.0,-379.5,1.0,758.0,638.75,1.0,741.0,548.0,1.0,1.3375,-1.27
5272.0,-803.25,-315.25,1.0,-807.5,-464.0,1.0,762.0,554.0,1.0,754.0,628.75,1.0,1.01625,-0.9825
5273.0,-811.0,-506.0,1.0,-810.0,-504.25,1.0,773.0,602.0,1.0,773.5,595.5,1.0,0.215,-0.1925
5274.0,-810.0,-436.5,1.0,-797.5,-514.0,1.0,779.5,567.5,1.0,796.75,586.5,1.0,-0.48375,0.55125
5275.0,-798.75,-420.0,1.0,-794.0,-616.5,1.0,786.0,533.0,1.0,790.5,589.0,1.0,-0.75,0.7324999999999999
5276.0,-793.5,-509.0,1.0,-788.0,-599.5,1.0,784.75,587.75,1.0,783.0,649.0,1.0,-0.82625,0.96125
5277.0,-780.5,-488.5,1.0,-779.5,-474.5,1.0,783.5,642.5,1.0,780.75,705.75,1.0,-0.79,0.97
5278.0,-766.5,-489.0,1.0,-762.75,-487.0,1.0,775.8333333333334,621.6666666666666,1.0,770.0,583.0,1.0,-0.79,0.97
5279.0,-768.0,-538.5,1.0,-762.5,-375.5,1.0,768.1666666666666,600.8333333333334,1.0,760.75,652.0,1.0,-0.79,0.97
5280.0,-771.0,-435.5,1.0,-785.5,-531.75,1.0,760.5,580.0,1.0,757.0,562.0,1.0,-0.79,0.97
5281.0,-780.5,-577.0,1.0,-793.5,-646.5,1.0,766.75,566.5,1.0,762.5,590.5,1.0,-0.79,0.97
5282.0,-781.25,-485.0,1.0,-792.0,-649.5,1.0,773.0,553.0,1.0,767.0,622.5,1.0,-0.79,0.97
5283.0,-785.0,-559.0,1.0,-772.75,-522.25,1.0,773.5344827586207,553.1034482758621,1.0,782.0,705.0,1.0,-0.79,0.97
5284.0,-769.5,-544.0,1.0,-756.0,-438.0,1.0,774.0689655172414,553.2068965517242,1.0,771.5,806.0,1.0,-0.8287500000000001,0.98625
5285.0,-755.75,-499.0,1.0,-746.75,-528.5,1.0,774.6034482758621,553.3103448275862,1.0,755.5,733.5,1.0,-0.79,0.97
5286.0,-750.0,-487.0,1.0,-746.5,-511.0,1.0,775.1379310344828,553.4137931034483,1.0,744.5,641.0,1.0,-0.79,0.97
5287.0,-752.25,-537.25,1.0,-758.0,-500.5,1.0,775.6724137931035,553.5172413793103,1.0,737.25,604.5,1.0,-1.0725,1.1175000000000002
5288.0,-754.5,-547.5,1.0,-763.25,-509.5,1.0,776.2068965517242,553.6206896551724,1.0,743.5,576.5,1.0,-1.4475,1.56
5289.0,-758.0,-484.5,1.0,-763.5,-529.0,1.0,776.7413793103449,553.7241379310345,1.0,759.5,725.0,1.0,-1.9175,1.895
5290.0,-757.5,-435.75,1.0,-752.25,-637.0,1.0,777.2758620689655,553.8275862068965,1.0,778.0,654.5,1.0,-2.6275000000000004,2.6362500000000004
5291.0,-753.5,-518.5,1.0,-741.5,-500.5,1.0,777.8103448275862,553.9310344827586,1.0,787.25,830.0,1.0,-3.3525,3.375
5292.0,-729.0,-255.0,1.0,-728.0,-370.5,1.0,778.3448275862069,554.0344827586207,1.0,772.0,793.0,1.0,-4.449999999999999,4.449999999999999
5293.0,-717.5,-445.5,1.0,-705.25,-348.25,1.0,778.8793103448276,554.1379310344828,1.0,760.0,975.0,1.0,-7.012500000000001,6.945
5294.0,-686.0,-497.5,1.0,-682.0,-384.0,1.0,779.4137931034483,554.2413793103449,1.0,770.25,954.5,1.0,-8.647499999999999,8.681249999999999
5295.0,-672.5,-542.75,1.0,-671.75,-453.5,1.0,779.948275862069,554.3448275862069,1.0,780.5,845.5,1.0,-8.487499999999999,8.555
5296.0,-663.5,-575.0,1.0,-681.5,-593.5,1.0,780.4827586206897,554.448275862069,1.0,791.5,822.0,1.0,-7.885,7.835
5297.0,-681.5,-449.5,1.0,-695.5,-667.0,1.0,781.0172413793103,554.551724137931,1.0,789.5,722.5,1.0,-7.19,7.145
5298.0,-688.0,-386.5,1.0,-710.5,-815.5,1.0,781.551724137931,554.6551724137931,1.0,783.0,777.0,1.0,-6.3412500000000005,6.24
5299.0,-706.0,-721.5,1.0,-715.5,-760.0,1.0,782.0862068965517,554.7586206896551,1.0,793.75,936.25,1.0,-5.4825,5.414999999999999
5300.0,-711.0,-527.75,1.0,-715.5,-649.0,1.0,782.6206896551724,554.8620689655172,1.0,785.5,762.0,1.0,-4.13375,4.02625
5301.0,-719.5,-432.5,1.0,-722.5,-570.0,1.0,783.1551724137931,554.9655172413793,1.0,776.5,738.5,1.0,-2.66,2.5275
5302.0,-742.25,-427.0,1.0,-740.5,-617.5,1.0,783.6896551724138,555.0689655172414,1.0,765.0,582.5,1.0,-2.1675,2.11125
5303.0,-755.0,-462.0,1.0,-752.5,-490.25,1.0,784.2241379310345,555.1724137931035,1.0,765.5,487.0,1.0,-1.9825,1.96
5304.0,-762.5,-494.0,1.0,-762.5,-511.0,1.0,784.7586206896551,555.2758620689655,1.0,784.75,582.5,1.0,-2.02,2.02
5305.0,-774.25,-404.75,1.0,-780.5,-501.25,1.0,785.2931034482758,555.3793103448276,1.0,805.0,675.5,1.0,-2.02,2.02
5306.0,-785.0,-518.0,1.0,-798.0,-660.0,1.0,785.8275862068965,555.4827586206897,1.0,796.5,557.5,1.0,-2.02,2.02
5307.0,-786.25,-500.0,1.0,-798.5,-655.5,1.0,786.3620689655172,555.5862068965517,1.0,799.5,676.0,1.0,-2.02,2.02
5308.0,-779.5,-468.5,1.0,-777.75,-527.25,1.0,786.8965517241379,555.6896551724138,1.0,802.5,716.5,1.0,-2.02,2.02
5309.0,-776.5,-504.0,1.0,-763.0,-309.5,1.0,787.4310344827586,555.7931034482758,1.0,785.25,552.75,1.0,-2.02,2.02
5310.0,-777.0,-406.0,1.0,-767.5,-408.75,1.0,787.9655172413793,555.8965517241379,1.0,784.5,570.0,1.0,-2.02,2.02
5311.0,-777.5,-395.5,1.0,-778.5,-438.5,1.0,788.5,556.0,1.0,798.5,683.0,1.0,-1.9425,1.8975
5312.0,-778.0,-445.0,1.0,-778.5,-463.0,1.0,791.0,547.0,1.0,808.75,521.75,1.0,-1.57875,1.4300000000000002
5313.0,-789.0,-495.0,1.0,-784.0,-489.5,1.0,796.0,517.0,1.0,799.5,539.0,1.0,-0.585,0.4325
5314.0,-802.0,-461.0,1.0,-801.5,-610.0,1.0,804.0,374.0,1.0,797.75,718.75,1.0,-0.2,0.18
5315.0,-796.0,-456.25,1.0,-802.5,-726.0,1.0,794.25,475.875,1.0,791.0,726.5,1.0,-0.18,0.18
5316.0,-795.0,-489.0,1.0,-789.0,-430.25,1.0,784.5,577.75,1.0,778.0,539.0,1.0,-0.18,0.18
5317.0,-790.0,-603.75,1.0,-778.5,-432.5,1.0,770.0,615.0,1.0,764.25,674.5,1.0,-0.18,0.18
5318.0,-781.5,-442.0,1.0,-777.5,-441.25,1.0,763.5,579.0,1.0,756.0,504.0,1.0,-0.18,0.18
5319.0,-777.5,-503.5,1.0,-782.5,-567.0,1.0,757.0,543.0,1.0,767.25,688.25,1.0,-0.18,0.18
5320.0,-781.5,-513.75,1.0,-781.5,-574.5,1.0,759.0,565.0,1.0,780.0,691.0,1.0,-0.18,0.135
5321.0,-787.5,-505.0,1.0,-775.25,-488.75,1.0,764.5,531.5,1.0,780.0,543.5,1.0,-0.18,0.09
5322.0,-784.0,-520.0,1.0,-769.0,-658.5,1.0,764.75,570.75,1.0,765.0,698.0,1.0,-0.18,0.09
5323.0,-775.75,-576.25,1.0,-764.75,-606.5,1.0,765.0,610.0,1.0,756.0,744.0,1.0,-0.0224999999999999,-6.938893903907228e-18
5324.0,-767.5,-430.0,1.0,-762.0,-606.0,1.0,756.0,531.0,1.0,755.25,754.75,1.0,0.1225,-0.2975
5325.0,-765.25,-642.0,1.0,-761.0,-559.0,1.0,748.0,562.5,1.0,756.0,569.0,1.0,0.4925,-0.5575
5326.0,-771.5,-519.0,1.0,-765.0,-483.25,1.0,740.0,594.0,1.0,759.0,513.5,1.0,1.1375,-1.2725
5327.0,-780.5,-519.0,1.0,-783.5,-560.0,1.0,733.0,528.0,1.0,759.0,582.0,1.0,1.825,-1.9775
5328.0,-799.5,-662.25,1.0,-812.5,-772.25,1.0,739.0,383.0,1.0,766.5,487.5,1.0,2.77625,-2.9175000000000004
5329.0,-811.0,-603.5,1.0,-818.5,-745.5,1.0,745.5,390.5,1.0,755.0,495.0,1.0,4.8225,-4.9125
5330.0,-830.25,-514.0,1.0,-811.0,-726.0,1.0,722.0,466.0,1.0,729.5,521.5,1.0,6.045,-6.1775
5331.0,-832.0,-615.5,1.0,-818.0,-731.5,1.0,711.0,390.0,1.0,715.0,557.5,1.0,7.4175,-7.5525
5332.0,-834.5,-537.5,1.0,-822.5,-637.5,1.0,705.0,581.0,1.0,694.25,571.5,1.0,7.605,-7.65
5333.0,-833.75,-722.5,1.0,-817.0,-531.5,1.0,694.0,473.0,1.0,689.5,392.5,1.0,7.65,-7.65
5334.0,-832.0,-652.5,1.0,-825.0,-652.5,1.0,686.0,583.5,1.0,688.5,365.0,1.0,7.69875,-7.69875
5335.0,-833.75,-540.0,1.0,-820.5,-683.5,1.0,693.5,541.25,1.0,707.5,453.0,1.0,7.65,-7.69
5336.0,-848.0,-708.5,1.0,-845.0,-892.5,1.0,701.0,499.0,1.0,715.0,339.5,1.0,7.65,-7.7975
5337.0,-849.0,-592.0,1.0,-840.5,-825.0,1.0,695.5,318.0,1.0,713.5,338.0,1.0,7.65,-7.82
5338.0,-838.5,-670.0,1.0,-815.25,-640.25,1.0,694.0,479.0,1.0,715.0,614.0,1.0,7.82,-7.865
5339.0,-828.0,-670.0,1.0,-801.0,-667.0,1.0,687.0,525.0,1.0,693.5,662.25,1.0,7.895,-7.9625
5340.0,-813.75,-600.75,1.0,-796.5,-843.0,1.0,685.0,550.0,1.0,673.0,343.0,1.0,7.9275,-8.00625
5341.0,-818.0,-768.5,1.0,-801.0,-707.25,1.0,683.0,457.0,1.0,682.0,557.5,1.0,8.3625,-8.4475
5342.0,-821.5,-631.5,1.0,-819.0,-787.0,1.0,679.0,674.0,1.0,673.5,604.75,1.0,9.29625,-9.415
5343.0,-841.0,-739.25,1.0,-831.0,-928.0,1.0,667.5,508.0,1.0,673.0,434.0,1.0,10.4125,-10.5025
5344.0,-838.5,-712.5,1.0,-815.0,-726.5,1.0,650.5,517.5,1.0,659.0,403.0,1.0,10.91875,-10.93
5345.0,-839.25,-759.75,1.0,-820.5,-902.0,1.0,645.0,493.0,1.0,668.0,529.5,1.0,10.9,-10.9
5346.0,-830.5,-655.0,1.0,-808.75,-796.5,1.0,636.75,497.0,1.0,666.0,883.0,1.0,10.9,-10.9
5347.0,-818.0,-731.0,1.0,-799.0,-610.0,1.0,629.875,511.25,1.0,648.75,641.5,1.0,10.9,-10.9
5348.0,-818.75,-768.75,1.0,-809.75,-898.75,1.0,623.0,525.5,1.0,643.5,602.0,1.0,10.9,-10.9
5349.0,-826.5,-715.0,1.0,-812.0,-681.5,1.0,626.5,550.5,1.0,645.0,473.0,1.0,10.9,-10.9
5350.0,-842.0,-735.0,1.0,-819.0,-787.0,1.0,642.0,629.0,1.0,655.0,567.0,1.0,10.9,-10.9
5351.0,-841.0,-763.5,1.0,-834.0,-943.0,1.0,640.5,540.0,1.0,664.0,414.0,1.0,10.9,-10.99
5352.0,-835.0,-588.5,1.0,-836.5,-882.5,1.0,636.0,480.0,1.0,662.25,531.0,1.0,10.9,-10.99
5353.0,-844.5,-801.5,1.0,-813.5,-781.25,1.0,639.0,365.0,1.0,650.0,280.5,1.0,10.9,-10.99
5354.0,-830.5,-609.0,1.0,-811.5,-731.0,1.0,655.5,451.0,1.0,664.75,558.75,1.0,10.9,-10.99
5355.0,-835.0,-769.5,1.0,-818.5,-751.25,1.0,649.5,366.0,1.0,667.5,345.0,1.0,10.775,-10.8425
5356.0,-832.5,-720.0,1.0,-828.5,-692.0,1.0,652.75,391.0,1.0,678.0,759.0,1.0,10.4675,-10.47875
5357.0,-842.0,-640.5,1.0,-838.0,-899.0,1.0,656.0,416.0,1.0,668.75,531.0,1.0,10.175,-10.175
5358.0,-841.5,-609.0,1.0,-823.0,-782.75,1.0,666.0,601.0,1.0,674.5,764.5,1.0,10.11,-10.0425
5359.0,-838.0,-738.0,1.0,-817.5,-760.0,1.0,668.0,391.5,1.0,667.5,565.0,1.0,9.945,-9.9225
5360.0,-839.0,-640.5,1.0,-822.5,-868.5,1.0,678.0,617.0,1.0,659.0,406.5,1.0,9.8,-9.76
5361.0,-846.5,-685.0,1.0,-820.75,-568.75,1.0,671.0,314.0,1.0,671.0,359.0,1.0,9.73125,-9.73125
5362.0,-845.0,-602.0,1.0,-822.5,-640.0,1.0,669.0,350.0,1.0,685.75,447.75,1.0,9.76,-9.76
5363.0,-853.5,-635.5,1.0,-833.75,-779.0,1.0,667.0,386.0,1.0,702.0,723.5,1.0,9.56125,-9.56125
5364.0,-852.5,-656.5,1.0,-843.0,-655.0,1.0,680.75,436.25,1.0,695.25,589.5,1.0,8.73,-8.684999999999999
5365.0,-856.75,-478.0,1.0,-851.75,-814.5,1.0,693.0,527.5,1.0,705.5,684.0,1.0,8.61,-8.4375
5366.0,-842.0,-681.0,1.0,-821.5,-747.0,1.0,693.0,460.0,1.0,697.5,444.0,1.0,8.57,-8.35
5367.0,-841.75,-598.75,1.0,-813.0,-714.5,1.0,686.0,582.0,1.0,687.5,594.25,1.0,8.53,-8.35
5368.0,-834.5,-635.0,1.0,-817.25,-746.0,1.0,671.0,288.0,1.0,679.0,568.5,1.0,8.41,-8.274999999999999
5369.0,-831.5,-458.0,1.0,-811.5,-514.0,1.0,674.0,586.0,1.0,667.5,516.5,1.0,8.2375,-8.192499999999999
5370.0,-847.5,-633.75,1.0,-832.25,-597.75,1.0,663.0,400.0,1.0,679.0,499.5,1.0,8.17,-8.17
5371.0,-855.0,-507.5,1.0,-841.5,-680.5,1.0,664.0,395.5,1.0,699.0,388.0,1.0,8.17,-8.17
5372.0,-863.75,-543.25,1.0,-854.0,-674.0,1.0,679.0,449.25,1.0,710.5,412.5,1.0,8.07,-8.07
5373.0,-863.5,-525.5,1.0,-861.5,-757.0,1.0,694.0,503.0,1.0,715.0,461.5,1.0,7.86875,-7.82375
5374.0,-860.0,-574.5,1.0,-839.0,-596.5,1.0,689.0,447.5,1.0,710.0,518.5,1.0,7.422499999999999,-7.445
5375.0,-836.75,-507.0,1.0,-827.75,-623.75,1.0,684.0,392.0,1.0,700.5,479.0,1.0,6.99,-6.967499999999999
5376.0,-825.0,-411.0,1.0,-817.0,-577.0,1.0,692.0,695.0,1.0,703.0,560.75,1.0,5.945,-5.92
5377.0,-827.0,-616.0,1.0,-815.0,-543.0,1.0,707.5,589.5,1.0,711.5,452.0,1.0,5.5825,-5.515000000000001
5378.0,-831.5,-577.0,1.0,-828.25,-620.5,1.0,711.5,528.0,1.0,723.0,666.0,1.0,5.54,-5.45
5379.0,-837.0,-528.5,1.0,-822.5,-654.0,1.0,726.0,799.0,1.0,734.75,478.0,1.0,5.54,-5.45
5380.0,-833.5,-552.0,1.0,-827.25,-759.0,1.0,729.25,625.75,1.0,745.5,487.5,1.0,5.54,-5.45
5381.0,-826.5,-526.5,1.0,-828.0,-723.0,1.0,732.5,452.5,1.0,739.75,635.0,1.0,5.54,-5.45
5382.0,-822.5,-662.25,1.0,-801.75,-615.25,1.0,717.0,543.0,1.0,717.0,479.5,1.0,5.54,-5.45
5383.0,-805.0,-515.5,1.0,-786.0,-563.0,1.0,712.0,667.0,1.0,712.0,600.5,1.0,5.54,-5.45
5384.0,-810.25,-546.5,1.0,-797.0,-543.5,1.0,712.0,519.0,1.0,702.75,518.25,1.0,5.54,-5.45
5385.0,-814.0,-627.5,1.0,-792.25,-650.0,1.0,707.0,615.0,1.0,699.5,497.0,1.0,5.54,-5.4275
5386.0,-815.0,-638.0,1.0,-798.0,-644.0,1.0,709.5,669.0,1.0,700.25,387.75,1.0,5.54,-5.45
5387.0,-800.5,-533.75,1.0,-800.5,-838.5,1.0,712.0,723.0,1.0,713.5,746.0,1.0,5.54,-5.45
5388.0,-803.5,-655.0,1.0,-803.5,-866.5,1.0,699.5,456.25,1.0,712.5,562.5,1.0,5.54,-5.45
5389.0,-803.25,-673.75,1.0,-793.5,-707.5,1.0,693.6666666666666,478.8333333333333,1.0,708.5,571.0,1.0,5.54,-5.45
5390.0,-798.0,-579.5,1.0,-779.5,-561.0,1.0,687.8333333333334,501.4166666666667,1.0,709.0,859.5,1.0,5.4775,-5.41
5391.0,-794.5,-560.5,1.0,-778.0,-614.0,1.0,682.0,524.0,1.0,699.5,712.5,1.0,5.141249999999999,-5.1075
5392.0,-788.0,-517.25,1.0,-784.5,-556.25,1.0,688.0,711.5,1.0,694.5,724.0,1.0,3.5225,-3.5225
5393.0,-784.5,-596.5,1.0,-779.5,-631.5,1.0,720.0,674.0,1.0,716.5,651.0,1.0,2.45,-2.3425
5394.0,-785.0,-695.0,1.0,-779.0,-683.0,1.0,720.0,603.0,1.0,732.0,575.0,1.0,2.46,-2.29
5395.0,-775.0,-472.5,1.0,-761.5,-596.0,1.0,708.0,564.0,1.0,727.0,522.0,1.0,2.3925,-2.29
5396.0,-773.0,-530.0,1.0,-757.5,-708.5,1.0,712.5,583.5,1.0,731.0,618.25,1.0,2.37,-2.29
5397.0,-769.0,-578.25,1.0,-753.5,-586.75,1.0,717.0,603.0,1.0,740.5,808.0,1.0,2.37,-2.29
5398.0,-775.5,-582.5,1.0,-765.5,-765.0,1.0,721.0,537.0,1.0,739.0,721.0,1.0,2.37,-2.29
5399.0,-790.5,-570.25,1.0,-769.5,-482.5,1.0,725.0,471.0,1.0,735.5,752.5,1.0,2.25875,-2.18875
5400.0,-791.0,-426.5,1.0,-782.5,-477.0,1.0,736.0,426.5,1.0,740.0,765.5,1.0,1.27,-1.225
5401.0,-801.0,-492.0,1.0,-805.5,-618.5,1.0,758.5,587.5,1.0,749.5,558.0,1.0,0.4237499999999999,-0.4125
5402.0,-805.0,-519.75,1.0,-811.0,-654.0,1.0,777.0,599.0,1.0,760.5,574.0,1.0,-0.09,0.1325
5403.0,-801.0,-354.0,1.0,-802.0,-622.0,1.0,769.0,477.0,1.0,769.5,606.5,1.0,-0.6087499999999999,0.62
5404.0,-787.5,-374.5,1.0,-782.5,-444.0,1.0,776.1666666666666,518.6666666666666,1.0,786.0,612.5,1.0,-1.0975,1.165
5405.0,-776.5,-388.0,1.0,-760.0,-402.25,1.0,783.3333333333334,560.3333333333334,1.0,794.0,709.0,1.0,-1.7175,1.74
5406.0,-771.0,-379.5,1.0,-760.5,-385.5,1.0,790.5,602.0,1.0,785.5,673.75,1.0,-2.81,2.7875
5407.0,-773.75,-509.75,1.0,-766.5,-348.5,1.0,802.5,567.5,1.0,794.5,721.5,1.0,-3.0575,3.08
5408.0,-775.0,-444.0,1.0,-771.5,-473.0,1.0,810.75,468.5,1.0,805.5,625.5,1.0,-3.08,3.08
5409.0,-783.0,-453.75,1.0,-784.5,-478.5,1.0,818.5,468.5,1.0,808.0,599.5,1.0,-3.16,3.16
5410.0,-795.0,-390.5,1.0,-802.75,-627.75,1.0,820.0,471.0,1.0,821.0,618.0,1.0,-3.16,3.16
5411.0,-793.0,-393.0,1.0,-802.5,-546.0,1.0,819.75,451.75,1.0,836.75,506.25,1.0,-3.19375,3.19375
5412.0,-778.5,-453.5,1.0,-779.25,-394.75,1.0,819.5,432.5,1.0,819.5,557.5,1.0,-3.21,3.21
5413.0,-767.5,-445.5,1.0,-760.0,-290.5,1.0,801.5,525.5,1.0,813.0,757.5,1.0,-3.16,3.16
5414.0,-765.25,-536.0,1.0,-759.0,-420.5,1.0,797.5,522.5,1.0,803.0,719.75,1.0,-3.1925,3.1925
5415.0,-773.0,-400.5,1.0,-778.0,-298.25,1.0,812.5,547.5,1.0,796.0,635.0,1.0,-3.14625,3.14625
5416.0,-774.0,-307.0,1.0,-785.0,-456.5,1.0,805.0,581.0,1.0,804.5,663.25,1.0,-3.1125000000000003,3.1125000000000003
5417.0,-776.75,-461.0,1.0,-781.75,-463.75,1.0,823.0,700.0,1.0,814.5,573.5,1.0,-3.16,3.16
5418.0,-775.5,-292.0,1.0,-778.0,-517.5,1.0,813.0,543.5,1.0,811.5,490.5,1.0,-3.16,3.16
5419.0,-778.25,-433.25,1.0,-773.0,-481.5,1.0,806.5,625.5,1.0,813.5,644.25,1.0,-3.16,3.16
5420.0,-772.0,-389.0,1.0,-769.25,-554.25,1.0,805.3333333333334,641.3333333333334,1.0,817.5,771.5,1.0,-3.16,3.16
5421.0,-753.0,-304.5,1.0,-756.0,-495.5,1.0,804.1666666666666,657.1666666666666,1.0,798.0,655.75,1.0,-3.16,3.16
5422.0,-764.25,-517.75,1.0,-762.5,-491.0,1.0,803.0,673.0,1.0,791.0,677.5,1.0,-3.16,3.16
5423.0,-770.0,-351.5,1.0,-773.5,-413.0,1.0,809.0,677.0,1.0,804.5,703.0,1.0,-3.16,3.16
5424.0,-777.0,-455.25,1.0,-789.5,-483.0,1.0,820.5,665.0,1.0,810.5,502.75,1.0,-3.16,3.16
5425.0,-773.5,-401.0,1.0,-796.75,-697.5,1.0,816.0,547.0,1.0,804.5,531.0,1.0,-3.16,3.16
5426.0,-761.0,-422.0,1.0,-779.5,-644.0,1.0,809.4,545.4,1.0,805.5,597.75,1.0,-3.16,3.16
5427.0,-760.5,-614.5,1.0,-755.5,-611.75,1.0,802.8,543.8,1.0,810.0,685.5,1.0,-3.16,3.16
5428.0,-751.5,-684.0,1.0,-743.5,-487.5,1.0,796.2,542.2,1.0,795.0,699.0,1.0,-3.16,3.16
5429.0,-742.5,-458.75,1.0,-735.5,-407.0,1.0,789.6,540.6,1.0,776.5,823.75,1.0,-3.0,3.0
5430.0,-750.5,-396.5,1.0,-747.0,-387.0,1.0,783.0,539.0,1.0,774.0,767.0,1.0,-2.6325000000000003,2.5650000000000004
5431.0,-750.0,-455.5,1.0,-755.5,-480.0,1.0,783.5,563.0,1.0,776.5,572.25,1.0,-2.19,2.17875
5432.0,-755.25,-395.75,1.0,-772.25,-607.25,1.0,784.0,587.0,1.0,781.0,696.0,1.0,-2.2,2.2
5433.0,-751.0,-494.0,1.0,-770.5,-842.0,1.0,775.0,609.0,1.0,772.75,554.5,1.0,-2.2,2.2
5434.0,-737.0,-550.5,1.0,-750.0,-876.25,1.0,771.7142857142857,623.0,1.0,763.5,789.0,1.0,-2.2,2.2
5435.0,-738.5,-682.0,1.0,-732.5,-685.5,1.0,768.4285714285714,637.0,1.0,751.5,607.5,1.0,-2.2,2.2
5436.0,-725.75,-542.0,1.0,-720.0,-612.0,1.0,765.1428571428571,651.0,1.0,754.5,815.5,1.0,-2.2,2.29
5437.0,-722.0,-449.0,1.0,-718.5,-604.75,1.0,761.8571428571429,665.0,1.0,751.0,683.0,1.0,-2.2,2.29
5438.0,-728.0,-660.5,1.0,-726.0,-636.0,1.0,758.5714285714286,679.0,1.0,755.75,747.75,1.0,-2.2,2.29
5439.0,-733.0,-590.5,1.0,-725.0,-506.5,1.0,755.2857142857143,693.0,1.0,753.5,726.0,1.0,-2.2,2.29
5440.0,-732.0,-436.5,1.0,-730.0,-527.25,1.0,752.0,707.0,1.0,753.5,717.5,1.0,-2.2,2.29
5441.0,-734.5,-558.0,1.0,-729.5,-629.5,1.0,748.7142857142857,721.0,1.0,754.75,617.5,1.0,-2.2,2.29
5442.0,-733.5,-594.5,1.0,-730.5,-707.25,1.0,745.4285714285714,735.0,1.0,753.0,746.5,1.0,-2.2,2.29
5443.0,-733.0,-720.0,1.0,-727.0,-672.0,1.0,742.1428571428571,749.0,1.0,742.0,787.0,1.0,-2.2,2.29
5444.0,-731.75,-689.75,1.0,-723.75,-567.25,1.0,738.8571428571429,763.0,1.0,745.0,731.5,1.0,-2.2,2.29
5445.0,-724.0,-550.0,1.0,-717.5,-515.5,1.0,735.5714285714286,777.0,1.0,734.5,796.5,1.0,-1.9575,2.025
5446.0,-721.75,-691.25,1.0,-714.5,-623.0,1.0,732.2857142857143,791.0,1.0,729.75,812.75,1.0,-1.25,1.16
5447.0,-726.0,-766.0,1.0,-721.25,-666.0,1.0,729.0,805.0,1.0,731.5,934.0,1.0,-0.505,0.41625
5448.0,-737.0,-721.5,1.0,-727.0,-563.0,1.0,725.75,776.75,1.0,725.5,862.25,1.0,-0.1475,0.105
5449.0,-737.0,-702.0,1.0,-728.5,-632.75,1.0,722.5,748.5,1.0,725.5,687.0,1.0,-0.18,0.18
5450.0,-730.0,-452.0,1.0,-720.5,-750.5,1.0,719.25,720.25,1.0,728.5,780.5,1.0,0.135,-0.135
5451.0,-724.5,-431.5,1.0,-717.5,-715.0,1.0,716.0,692.0,1.0,730.75,700.25,1.0,0.8625,-0.9075
5452.0,-739.5,-744.0,1.0,-722.25,-733.25,1.0,715.25,765.25,1.0,728.0,804.0,1.0,1.05,-1.05
5453.0,-740.0,-669.5,1.0,-723.5,-638.0,1.0,714.5,838.5,1.0,714.0,717.75,1.0,1.1575000000000002,-1.1575000000000002
5454.0,-736.75,-655.5,1.0,-728.75,-629.5,1.0,713.75,911.75,1.0,709.0,666.5,1.0,1.05,-1.23
5455.0,-733.0,-367.0,1.0,-745.0,-628.0,1.0,713.0,985.0,1.0,713.25,757.75,1.0,1.1775000000000002,-1.3575
5456.0,-753.5,-616.5,1.0,-761.5,-719.0,1.0,712.0,804.0,1.0,715.5,605.5,1.0,1.185,-1.32
5457.0,-766.0,-618.0,1.0,-769.5,-781.25,1.0,711.0,623.0,1.0,727.0,771.5,1.0,1.2975,-1.32
5458.0,-768.0,-699.5,1.0,-762.5,-754.0,1.0,717.5,661.0,1.0,735.75,638.25,1.0,1.32,-1.32
5459.0,-761.75,-465.5,1.0,-756.0,-656.25,1.0,724.0,699.0,1.0,741.5,697.0,1.0,1.32,-1.32
5460.0,-766.0,-637.0,1.0,-748.0,-513.0,1.0,729.0,662.0,1.0,738.5,775.0,1.0,1.32,-1.32
5461.0,-761.25,-683.0,1.0,-748.25,-557.75,1.0,734.3,626.5,1.0,735.5,780.5,1.0,1.32,-1.32
5462.0,-760.5,-462.5,1.0,-755.5,-587.0,1.0,739.6,591.0,1.0,733.0,770.5,1.0,1.32,-1.32
5463.0,-771.0,-650.0,1.0,-768.5,-569.0,1.0,744.9,555.5,1.0,731.75,696.25,1.0,1.32,-1.32
5464.0,-781.0,-537.0,1.0,-782.25,-621.0,1.0,750.2,520.0,1.0,735.0,460.0,1.0,1.32,-1.32
5465.0,-789.5,-489.5,1.0,-782.0,-604.0,1.0,755.5,484.5,1.0,754.5,551.5,1.0,1.32,-1.32
5466.0,-789.75,-547.75,1.0,-782.5,-627.0,1.0,753.25,501.75,1.0,765.0,513.0,1.0,1.32,-1.32
5467.0,-792.5,-540.0,1.0,-781.5,-607.0,1.0,751.0,519.0,1.0,753.0,484.5,1.0,1.32,-1.32
5468.0,-787.75,-514.25,1.0,-781.0,-594.5,1.0,748.0,364.0,1.0,761.0,638.25,1.0,1.32,-1.32
5469.0,-794.5,-526.0,1.0,-779.75,-544.5,1.0,744.0,469.0,1.0,757.5,709.5,1.0,1.32,-1.32
5470.0,-786.0,-494.5,1.0,-776.5,-395.5,1.0,749.5,510.0,1.0,752.75,695.0,1.0,1.015,-1.015
5471.0,-783.0,-450.75,1.0,-789.75,-491.75,1.0,752.0,607.0,1.0,752.0,784.0,1.0,0.0562499999999999,-0.0675
5472.0,-780.5,-505.0,1.0,-789.5,-706.5,1.0,760.0,686.0,1.0,752.0,648.0,1.0,-1.0025,0.9425
5473.0,-769.5,-518.5,1.0,-779.0,-815.0,1.0,766.0,584.0,1.0,759.0,630.0,1.0,-1.23,1.4275
5474.0,-761.5,-533.0,1.0,-766.25,-622.25,1.0,760.0,598.1666666666666,1.0,755.0,500.5,1.0,-1.23,1.49
5475.0,-754.0,-583.5,1.0,-755.5,-649.5,1.0,754.0,612.3333333333334,1.0,753.0,712.75,1.0,-1.23,1.49
5476.0,-742.5,-458.5,1.0,-739.25,-586.75,1.0,748.0,626.5,1.0,749.0,775.0,1.0,-1.3625,1.5575
5477.0,-744.5,-522.5,1.0,-733.5,-447.0,1.0,742.0,640.6666666666666,1.0,744.0,805.75,1.0,-1.5375,1.49
5478.0,-738.25,-578.75,1.0,-729.25,-545.25,1.0,736.0,654.8333333333334,1.0,741.5,850.0,1.0,-1.58,1.49
5479.0,-729.0,-589.0,1.0,-726.0,-585.5,1.0,730.0,669.0,1.0,734.0,659.5,1.0,-1.58,1.49
5480.0,-727.75,-655.5,1.0,-729.0,-576.5,1.0,727.875,695.375,1.0,741.0,661.5,1.0,-1.58,1.49
5481.0,-724.5,-730.5,1.0,-716.5,-614.25,1.0,725.75,721.75,1.0,738.0,672.0,1.0,-1.58,1.49
5482.0,-718.0,-555.0,1.0,-708.5,-583.0,1.0,723.625,748.125,1.0,740.5,777.0,1.0,-1.4775,1.41
5483.0,-714.75,-606.25,1.0,-708.25,-539.5,1.0,721.5,774.5,1.0,746.5,909.5,1.0,-1.06375,1.0425
5484.0,-718.5,-678.0,1.0,-712.0,-604.5,1.0,719.375,800.875,1.0,737.5,874.0,1.0,-0.235,0.195
5485.0,-729.5,-644.5,1.0,-717.5,-480.5,1.0,717.25,827.25,1.0,724.0,852.0,1.0,0.1124999999999999,-0.2175
5486.0,-734.0,-604.0,1.0,-724.25,-415.5,1.0,715.125,853.625,1.0,717.0,875.0,1.0,0.265,-0.325
5487.0,-730.0,-695.25,1.0,-727.0,-600.5,1.0,713.0,880.0,1.0,713.25,760.5,1.0,0.18,-0.26
5488.0,-730.0,-646.0,1.0,-729.75,-782.0,1.0,713.0,692.0,1.0,711.5,546.5,1.0,0.18,-0.26
5489.0,-720.0,-727.0,1.0,-714.0,-782.5,1.0,715.125,687.3125,1.0,705.5,693.25,1.0,0.18,-0.26
5490.0,-709.0,-762.75,1.0,-700.0,-716.75,1.0,717.25,682.625,1.0,705.0,804.5,1.0,0.18,-0.26
5491.0,-706.5,-620.5,1.0,-700.0,-738.5,1.0,719.375,677.9375,1.0,689.0,707.0,1.0,0.24,-0.26
5492.0,-710.25,-601.25,1.0,-697.5,-468.5,1.0,721.5,673.25,1.0,697.75,901.75,1.0,0.2725,-0.2725
5493.0,-725.0,-769.5,1.0,-713.0,-475.75,1.0,723.625,668.5625,1.0,706.5,828.5,1.0,0.26,-0.26
5494.0,-732.5,-511.0,1.0,-724.0,-533.0,1.0,725.75,663.875,1.0,709.0,844.25,1.0,0.26,-0.26
5495.0,-734.5,-478.5,1.0,-732.25,-592.5,1.0,727.875,659.1875,1.0,714.5,874.0,1.0,0.26,-0.26
5496.0,-736.0,-563.0,1.0,-745.0,-808.5,1.0,730.0,654.5,1.0,715.0,811.5,1.0,0.26,-0.26
5497.0,-736.25,-545.0,1.0,-745.0,-672.0,1.0,732.125,649.8125,1.0,712.5,711.0,1.0,0.2925,-0.2925
5498.0,-741.0,-822.5,1.0,-740.5,-781.25,1.0,734.25,645.125,1.0,718.0,720.5,1.0,0.3775,-0.3775
5499.0,-743.0,-561.0,1.0,-737.5,-873.5,1.0,736.375,640.4375,1.0,722.0,697.0,1.0,0.5525,-0.62
5500.0,-739.5,-620.5,1.0,-730.5,-732.5,1.0,738.5,635.75,1.0,730.5,823.5,1.0,0.53,-0.62
5501.0,-748.0,-609.0,1.0,-742.0,-765.0,1.0,740.625,631.0625,1.0,728.0,641.5,1.0,0.5725,-0.6399999999999999
5502.0,-760.25,-600.5,1.0,-746.5,-579.0,1.0,742.75,626.375,1.0,736.0,780.5,1.0,0.5925,-0.6599999999999999
5503.0,-768.0,-632.0,1.0,-757.0,-629.5,1.0,744.875,621.6875,1.0,738.0,703.0,1.0,0.7025,-0.77
5504.0,-768.0,-354.0,1.0,-773.0,-627.0,1.0,747.0,617.0,1.0,737.25,582.25,1.0,0.79,-0.925
5505.0,-784.5,-565.5,1.0,-793.0,-717.0,1.0,749.5,623.0,1.0,741.5,584.0,1.0,1.0275,-1.0499999999999998
5506.0,-786.0,-498.5,1.0,-794.25,-766.0,1.0,749.5,454.5,1.0,748.5,580.0,1.0,0.97,-0.97
5507.0,-780.75,-522.25,1.0,-784.5,-680.5,1.0,748.0,601.0,1.0,748.75,492.5,1.0,0.97,-0.97
5508.0,-774.5,-517.0,1.0,-769.75,-512.25,1.0,743.0,459.0,1.0,753.5,646.5,1.0,0.97,-0.97
5509.0,-776.0,-555.0,1.0,-763.0,-457.5,1.0,742.3333333333334,484.3333333333333,1.0,756.75,781.25,1.0,0.97,-0.97
5510.0,-775.5,-558.75,1.0,-773.25,-596.25,1.0,741.6666666666666,509.6666666666667,1.0,748.5,591.0,1.0,0.97,-0.97
5511.0,-777.0,-594.0,1.0,-778.0,-569.0,1.0,741.0,535.0,1.0,746.0,644.5,1.0,0.6975,-0.6975
5512.0,-779.0,-525.0,1.0,-775.5,-510.0,1.0,751.0,683.0,1.0,744.25,595.0,1.0,0.35,-0.35
5513.0,-773.0,-393.5,1.0,-766.25,-571.25,1.0,761.0,666.0,1.0,751.0,576.5,1.0,-0.09,0.09
5514.0,-774.0,-477.5,1.0,-761.0,-596.0,1.0,757.0,444.0,1.0,756.75,464.0,1.0,-0.2124999999999999,0.28
5515.0,-776.5,-435.25,1.0,-761.75,-542.0,1.0,760.0,757.0,1.0,757.5,604.0,1.0,-0.385,0.475
5516.0,-769.0,-538.5,1.0,-757.0,-583.0,1.0,751.0,433.0,1.0,766.0,727.0,1.0,-0.53,0.575
5517.0,-772.0,-550.5,1.0,-757.0,-540.0,1.0,751.75,470.5,1.0,767.0,783.0,1.0,-0.62,0.62
5518.0,-774.0,-592.0,1.0,-757.25,-553.5,1.0,752.5,508.0,1.0,752.5,776.5,1.0,-0.62,0.62
5519.0,-759.0,-567.0,1.0,-748.0,-462.0,1.0,753.25,545.5,1.0,742.75,631.0,1.0,-0.62,0.62
5520.0,-764.25,-609.5,1.0,-764.0,-647.0,1.0,754.0,583.0,1.0,740.0,462.0,1.0,-0.62,0.62
5521.0,-766.0,-515.0,1.0,-768.0,-687.5,1.0,756.0,635.0,1.0,742.5,618.5,1.0,-0.4024999999999999,0.4024999999999999
5522.0,-770.0,-697.0,1.0,-767.0,-877.0,1.0,758.0,687.0,1.0,748.25,502.5,1.0,-0.1425,0.125
5523.0,-768.0,-489.0,1.0,-762.25,-703.75,1.0,751.0,738.0,1.0,748.0,560.0,1.0,0.29,-0.3399999999999999
5524.0,-765.0,-459.0,1.0,-759.5,-607.5,1.0,746.4444444444445,723.4444444444445,1.0,749.5,796.5,1.0,0.4374999999999999,-0.4599999999999999
5525.0,-765.0,-555.0,1.0,-756.75,-592.5,1.0,741.8888888888889,708.8888888888889,1.0,752.0,655.0,1.0,0.44,-0.44
5526.0,-764.5,-526.5,1.0,-748.5,-498.5,1.0,737.3333333333334,694.3333333333334,1.0,743.75,623.25,1.0,0.44,-0.44
5527.0,-754.0,-527.25,1.0,-750.75,-614.25,1.0,732.7777777777778,679.7777777777778,1.0,729.0,552.5,1.0,0.5225,-0.5225
5528.0,-755.5,-642.0,1.0,-754.0,-749.5,1.0,728.2222222222222,665.2222222222222,1.0,737.5,596.5,1.0,0.5425,-0.5425
5529.0,-752.25,-574.0,1.0,-752.0,-739.0,1.0,723.6666666666666,650.6666666666666,1.0,738.25,612.75,1.0,0.44,-0.44
5530.0,-755.0,-691.0,1.0,-741.5,-616.25,1.0,719.1111111111111,636.1111111111111,1.0,743.0,698.5,1.0,0.53,-0.53
5531.0,-751.0,-569.0,1.0,-736.5,-583.5,1.0,714.5555555555555,621.5555555555555,1.0,743.0,693.5,1.0,0.5974999999999999,-0.62
5532.0,-743.75,-696.0,1.0,-727.5,-677.5,1.0,710.0,607.0,1.0,735.0,860.0,1.0,0.62,-0.62
5533.0,-736.0,-705.0,1.0,-726.0,-526.5,1.0,714.0,604.4285714285714,1.0,725.5,846.5,1.0,0.62,-0.62
5534.0,-748.5,-586.0,1.0,-741.5,-732.0,1.0,718.0,601.8571428571429,1.0,726.5,838.0,1.0,0.62,-0.62
5535.0,-758.5,-657.5,1.0,-751.75,-574.5,1.0,722.0,599.2857142857143,1.0,726.5,690.5,1.0,0.62,-0.62
5536.0,-761.75,-674.0,1.0,-759.5,-658.0,1.0,726.0,596.7142857142857,1.0,731.0,608.5,1.0,0.62,-0.62
5537.0,-756.5,-397.5,1.0,-751.75,-648.5,1.0,730.0,594.1428571428571,1.0,738.5,701.5,1.0,0.62,-0.62
5538.0,-759.0,-479.0,1.0,-747.5,-540.0,1.0,734.0,591.5714285714286,1.0,742.25,609.25,1.0,0.7775000000000001,-0.7775000000000001
5539.0,-759.75,-585.5,1.0,-743.0,-712.75,1.0,738.0,589.0,1.0,738.0,496.0,1.0,1.12125,-1.1862499999999998
5540.0,-753.0,-571.0,1.0,-736.5,-651.5,1.0,732.0,573.0,1.0,734.25,805.0,1.0,1.4699999999999998,-1.515
5541.0,-760.0,-588.5,1.0,-748.5,-593.0,1.0,729.6666666666666,511.3333333333333,1.0,714.0,691.0,1.0,1.70875,-1.6175000000000002
5542.0,-763.0,-673.5,1.0,-762.75,-498.0,1.0,727.3333333333334,449.6666666666667,1.0,721.5,789.0,1.0,1.9225,-1.9675
5543.0,-775.25,-544.75,1.0,-777.5,-699.0,1.0,725.0,388.0,1.0,722.5,653.25,1.0,2.4025,-2.48
5544.0,-788.5,-566.0,1.0,-778.0,-618.0,1.0,731.5,472.5,1.0,721.5,573.0,1.0,2.55,-2.46
5545.0,-791.0,-596.5,1.0,-768.5,-624.75,1.0,731.5,533.75,1.0,719.0,585.75,1.0,2.64,-2.46
5546.0,-781.0,-564.5,1.0,-759.0,-631.5,1.0,722.0,503.0,1.0,717.0,520.5,1.0,2.74,-2.585
5547.0,-769.0,-752.5,1.0,-750.5,-729.5,1.0,723.1666666666666,528.0,1.0,723.0,648.0,1.0,2.8175,-2.86375
5548.0,-773.0,-603.0,1.0,-752.5,-675.0,1.0,724.3333333333334,553.0,1.0,708.0,506.5,1.0,2.8825000000000003,-2.905
5549.0,-782.0,-495.0,1.0,-768.25,-575.25,1.0,725.5,578.0,1.0,719.0,563.0,1.0,3.02625,-3.015
5550.0,-793.0,-629.5,1.0,-784.0,-665.0,1.0,737.0,747.0,1.0,724.75,559.25,1.0,4.5275,-4.57
5551.0,-808.0,-659.25,1.0,-814.25,-750.0,1.0,733.0,311.0,1.0,732.0,560.0,1.0,5.842499999999999,-5.8975
5552.0,-817.5,-679.0,1.0,-837.5,-867.0,1.0,718.0,390.0,1.0,723.5,504.75,1.0,7.9625,-8.09
5553.0,-846.75,-648.0,1.0,-826.0,-693.0,1.0,703.0,469.0,1.0,699.5,397.5,1.0,8.565,-8.7
5554.0,-839.0,-642.5,1.0,-818.5,-689.5,1.0,690.0,588.0,1.0,688.5,442.0,1.0,8.61,-8.745
5555.0,-828.5,-497.5,1.0,-813.5,-653.5,1.0,669.0,517.0,1.0,679.25,478.5,1.0,8.61,-8.61
5556.0,-833.0,-840.0,1.0,-815.25,-585.25,1.0,653.0,497.0,1.0,681.0,545.5,1.0,8.61,-8.61
5557.0,-820.5,-612.0,1.0,-821.0,-733.5,1.0,648.5,639.5,1.0,684.25,569.0,1.0,8.61,-8.53
5558.0,-841.25,-748.25,1.0,-828.75,-718.25,1.0,673.0,302.0,1.0,692.0,647.0,1.0,8.61,-8.485
5559.0,-849.0,-504.5,1.0,-838.0,-734.5,1.0,695.0,605.0,1.0,697.0,609.0,1.0,8.532499999999999,-8.405000000000001
5560.0,-857.0,-588.5,1.0,-855.0,-836.5,1.0,688.0,462.5,1.0,699.5,495.5,1.0,8.3075,-8.18
5561.0,-852.0,-419.0,1.0,-834.5,-586.5,1.0,687.5,502.0,1.0,705.0,450.5,1.0,7.4125,-7.34
5562.0,-841.5,-628.5,1.0,-814.0,-544.0,1.0,708.0,728.0,1.0,711.5,602.75,1.0,6.41,-6.41
5563.0,-834.75,-465.0,1.0,-813.5,-612.0,1.0,705.3333333333334,645.3333333333334,1.0,709.0,484.0,1.0,5.65,-5.625
5564.0,-824.5,-582.0,1.0,-805.5,-655.5,1.0,702.6666666666666,562.6666666666666,1.0,717.25,546.0,1.0,5.54,-5.45
5565.0,-825.75,-480.75,1.0,-820.0,-554.0,1.0,700.0,480.0,1.0,721.5,697.5,1.0,5.54,-5.45
5566.0,-837.5,-594.0,1.0,-836.25,-743.0,1.0,706.0,515.0,1.0,720.5,509.0,1.0,5.45,-5.45
5567.0,-831.25,-588.25,1.0,-819.5,-685.0,1.0,712.0,574.0,1.0,723.0,512.25,1.0,5.442500000000001,-5.442500000000001
5568.0,-821.0,-501.5,1.0,-800.0,-672.25,1.0,714.0,654.0,1.0,724.5,749.5,1.0,5.45,-5.45
5569.0,-807.0,-609.5,1.0,-785.0,-752.5,1.0,716.0,534.0,1.0,704.25,660.25,1.0,5.460000000000001,-5.460000000000001
5570.0,-802.75,-554.0,1.0,-784.0,-588.5,1.0,699.0,597.0,1.0,698.0,549.0,1.0,5.505,-5.505
5571.0,-814.5,-576.0,1.0,-795.5,-624.0,1.0,689.75,533.25,1.0,703.0,728.0,1.0,5.59,-5.59
5572.0,-817.5,-666.75,1.0,-811.0,-593.5,1.0,683.375,536.625,1.0,709.75,635.75,1.0,6.225,-6.225
5573.0,-831.0,-628.0,1.0,-817.0,-688.75,1.0,677.0,540.0,1.0,694.5,575.0,1.0,6.44625,-6.54625
5574.0,-815.5,-563.0,1.0,-813.0,-844.0,1.0,697.5,574.0,1.0,702.0,505.0,1.0,7.2825,-7.35
5575.0,-830.25,-638.75,1.0,-811.5,-689.0,1.0,700.0,311.0,1.0,703.0,521.5,1.0,7.872499999999999,-7.961250000000001
5576.0,-830.5,-626.0,1.0,-819.0,-764.5,1.0,699.0,465.5,1.0,689.75,522.5,1.0,9.002500000000001,-9.045
5577.0,-833.5,-676.25,1.0,-822.5,-757.0,1.0,680.5,498.5,1.0,677.5,540.5,1.0,9.38,-9.489999999999998
5578.0,-844.0,-759.0,1.0,-819.5,-545.25,1.0,640.0,566.0,1.0,662.5,502.5,1.0,9.39,-9.435
5579.0,-834.0,-627.25,1.0,-825.5,-719.5,1.0,650.0,503.5,1.0,679.0,565.5,1.0,9.405,-9.49
5580.0,-824.5,-759.0,1.0,-819.75,-735.5,1.0,652.0,507.0,1.0,682.0,458.5,1.0,9.255,-9.295
5581.0,-838.0,-648.5,1.0,-843.0,-1037.5,1.0,663.75,379.75,1.0,671.75,598.75,1.0,9.32,-9.4
5582.0,-831.25,-610.25,1.0,-824.0,-718.0,1.0,672.5,571.0,1.0,676.0,522.0,1.0,8.565,-8.605
5583.0,-833.5,-597.5,1.0,-805.0,-688.5,1.0,665.0,373.0,1.0,668.0,809.0,1.0,8.2375,-8.22625
5584.0,-819.25,-670.25,1.0,-787.5,-605.0,1.0,673.0,601.0,1.0,674.75,758.25,1.0,7.619999999999999,-7.5975
5585.0,-799.0,-801.5,1.0,-781.25,-795.25,1.0,669.0,464.0,1.0,669.0,480.5,1.0,7.4925,-7.47
5586.0,-800.0,-744.5,1.0,-778.0,-612.0,1.0,658.0,484.0,1.0,670.5,641.5,1.0,7.699999999999999,-7.654999999999999
5587.0,-811.75,-749.75,1.0,-796.5,-779.5,1.0,659.0,511.0,1.0,669.25,525.5,1.0,7.865,-7.842499999999999
5588.0,-809.0,-547.0,1.0,-814.5,-964.0,1.0,661.0,530.0,1.0,688.0,521.0,1.0,7.9825,-8.07125
5589.0,-813.5,-804.0,1.0,-801.0,-824.0,1.0,677.0,532.0,1.0,679.25,555.5,1.0,7.91,-8.045
5590.0,-809.5,-556.0,1.0,-791.5,-774.0,1.0,671.0,654.0,1.0,668.0,467.5,1.0,8.09,-8.09
5591.0,-818.0,-694.0,1.0,-788.5,-651.5,1.0,656.5,364.5,1.0,669.0,582.0,1.0,8.285,-8.245000000000001
5592.0,-813.75,-639.0,1.0,-792.5,-847.5,1.0,653.0,519.0,1.0,671.5,589.0,1.0,8.675,-8.6875
5593.0,-816.5,-788.0,1.0,-789.0,-722.75,1.0,662.0,529.0,1.0,671.0,514.5,1.0,8.905000000000001,-8.97
5594.0,-814.5,-725.5,1.0,-801.0,-765.0,1.0,668.0,701.0,1.0,662.5,645.0,1.0,9.365,-9.42
5595.0,-825.5,-843.5,1.0,-820.5,-869.5,1.0,654.0,423.0,1.0,660.5,555.5,1.0,9.655,-9.7
5596.0,-819.5,-522.0,1.0,-810.5,-839.5,1.0,652.0,565.0,1.0,646.25,465.5,1.0,9.625,-9.71
5597.0,-826.0,-730.25,1.0,-798.0,-609.0,1.0,639.0,415.0,1.0,648.0,407.5,1.0,10.015,-10.0375
5598.0,-819.5,-611.5,1.0,-798.5,-885.5,1.0,643.5,555.5,1.0,665.5,650.5,1.0,10.05,-10.095
5599.0,-814.25,-705.0,1.0,-795.5,-694.0,1.0,652.0,480.0,1.0,664.75,529.75,1.0,9.84,-9.93
5600.0,-820.5,-652.5,1.0,-802.0,-690.0,1.0,651.0,530.0,1.0,668.5,699.0,1.0,9.84,-9.93
5601.0,-828.5,-730.5,1.0,-816.0,-692.0,1.0,652.0,563.0,1.0,658.25,601.5,1.0,9.84,-9.93
5602.0,-843.75,-724.5,1.0,-832.0,-761.5,1.0,663.0,437.0,1.0,670.0,560.0,1.0,11.3325,-11.355
5603.0,-853.5,-713.0,1.0,-841.75,-783.75,1.0,672.0,394.0,1.0,668.5,412.0,1.0,11.7525,-11.8175
5604.0,-859.0,-690.0,1.0,-863.5,-1142.0,1.0,671.0,468.0,1.0,660.0,501.0,1.0,12.9075,-12.975
5605.0,-868.0,-699.5,1.0,-835.75,-626.75,1.0,645.5,514.0,1.0,659.5,349.5,1.0,13.01,-13.14
5606.0,-866.0,-660.5,1.0,-844.5,-1005.0,1.0,664.0,516.0,1.0,647.5,452.25,1.0,13.1,-13.18
5607.0,-861.75,-731.0,1.0,-838.25,-561.75,1.0,645.0,347.0,1.0,637.5,223.5,1.0,13.1,-13.18
5608.0,-873.0,-679.0,1.0,-865.5,-853.0,1.0,645.75,378.0,1.0,652.5,523.0,1.0,13.19,-13.23
5609.0,-876.25,-717.0,1.0,-853.5,-855.5,1.0,653.0,494.0,1.0,657.5,457.5,1.0,13.1,-13.18
5610.0,-868.0,-714.5,1.0,-864.25,-928.5,1.0,629.75,391.5,1.0,653.0,479.0,1.0,13.14,-13.18
5611.0,-869.5,-595.5,1.0,-860.0,-1093.0,1.0,628.5,412.0,1.0,657.0,627.5,1.0,13.305,-13.325
5612.0,-872.5,-711.25,1.0,-840.25,-722.75,1.0,638.75,396.75,1.0,656.5,482.0,1.0,13.385000000000002,-13.405
5613.0,-876.0,-587.0,1.0,-861.0,-884.5,1.0,649.0,381.5,1.0,649.5,505.0,1.0,13.225,-13.27
5614.0,-884.75,-760.75,1.0,-849.0,-575.5,1.0,643.75,365.875,1.0,659.5,403.0,1.0,14.7,-14.745
5615.0,-887.0,-721.0,1.0,-864.75,-819.0,1.0,638.5,350.25,1.0,668.0,397.5,1.0,15.6525,-15.7175
5616.0,-899.0,-839.5,1.0,-890.0,-860.0,1.0,638.0,275.0,1.0,651.75,305.0,1.0,16.85125,-16.96
5617.0,-903.0,-603.5,1.0,-888.5,-972.0,1.0,632.0,555.0,1.0,635.0,318.0,1.0,17.314999999999998,-17.445
5618.0,-917.0,-842.5,1.0,-879.5,-978.5,1.0,598.0,379.5,1.0,637.75,378.75,1.0,17.4,-17.49
5619.0,-902.25,-838.0,1.0,-872.0,-731.0,1.0,585.0,202.0,1.0,630.5,501.5,1.0,17.49,-17.49
5620.0,-900.0,-957.0,1.0,-860.25,-1055.75,1.0,583.0,437.25,1.0,626.0,438.0,1.0,17.49,-17.49
5621.0,-897.25,-841.75,1.0,-859.5,-975.5,1.0,595.0,373.0,1.0,614.25,315.75,1.0,17.49,-17.49
5622.0,-882.0,-921.0,1.0,-863.25,-861.0,1.0,612.0,432.0,1.0,621.0,233.0,1.0,17.49,-17.49
5623.0,-881.5,-795.5,1.0,-867.0,-922.5,1.0,596.5,512.5,1.0,607.5,500.5,1.0,17.49,-17.49
5624.0,-885.5,-574.0,1.0,-880.0,-1106.0,1.0,575.5,419.5,1.0,604.0,303.0,1.0,17.49,-17.49
5625.0,-899.5,-839.0,1.0,-865.0,-903.0,1.0,557.0,361.0,1.0,610.0,400.0,1.0,17.49,-17.49
5626.0,-888.75,-914.25,1.0,-854.0,-948.5,1.0,572.0,470.0,1.0,605.75,383.0,1.0,17.49,-17.49
5627.0,-889.5,-698.5,1.0,-870.75,-894.5,1.0,561.0,448.0,1.0,630.0,298.5,1.0,17.49,-17.534999999999997
5628.0,-902.0,-694.0,1.0,-882.0,-1044.5,1.0,579.5,411.0,1.0,636.0,436.25,1.0,17.49,-17.58
5629.0,-904.0,-715.0,1.0,-887.5,-733.5,1.0,582.5,363.0,1.0,630.0,344.5,1.0,17.49,-17.58
5630.0,-907.0,-870.0,1.0,-897.5,-992.0,1.0,589.0,504.5,1.0,626.0,487.0,1.0,17.27,-17.314999999999998
5631.0,-911.5,-739.75,1.0,-878.0,-835.0,1.0,573.5,435.0,1.0,617.0,332.5,1.0,16.85,-16.917499999999997
5632.0,-894.0,-783.5,1.0,-873.75,-856.25,1.0,592.5,311.25,1.0,639.0,401.0,1.0,16.478749999999998,-16.4675
5633.0,-886.0,-844.5,1.0,-852.5,-902.5,1.0,575.0,588.0,1.0,617.75,355.25,1.0,15.95,-15.972500000000002
5634.0,-872.75,-727.25,1.0,-836.0,-870.0,1.0,584.5,505.5,1.0,627.0,370.5,1.0,15.2,-15.19
5635.0,-868.0,-868.0,1.0,-829.5,-820.0,1.0,598.0,421.5,1.0,617.75,455.25,1.0,14.455,-14.4325
5636.0,-843.25,-713.75,1.0,-831.5,-795.5,1.0,617.0,627.0,1.0,620.0,493.0,1.0,13.07,-13.08125
5637.0,-861.0,-682.0,1.0,-822.25,-814.75,1.0,580.0,641.5,1.0,623.0,687.0,1.0,11.5,-11.48
5638.0,-829.5,-770.75,1.0,-803.0,-790.0,1.0,589.0,559.5,1.0,610.75,621.25,1.0,10.2475,-10.25875
5639.0,-827.0,-624.0,1.0,-791.75,-972.25,1.0,597.5,524.0,1.0,628.5,688.0,1.0,8.865,-8.907499999999999
5640.0,-815.0,-644.5,1.0,-780.0,-813.0,1.0,635.75,660.0,1.0,644.5,662.5,1.0,6.654999999999999,-6.643749999999999
5641.0,-811.25,-559.0,1.0,-774.0,-588.25,1.0,642.375,572.5,1.0,652.0,663.5,1.0,5.075,-5.095000000000001
5642.0,-791.0,-653.0,1.0,-770.0,-783.0,1.0,649.0,485.0,1.0,670.0,837.5,1.0,2.31875,-2.3525
5643.0,-766.25,-495.75,1.0,-748.5,-421.0,1.0,680.0,581.0,1.0,684.0,726.75,1.0,-0.9625,0.9625
5644.0,-756.0,-411.0,1.0,-746.25,-440.5,1.0,711.0,677.0,1.0,705.5,737.5,1.0,-3.23875,3.23875
5645.0,-728.5,-362.0,1.0,-732.0,-322.0,1.0,742.0,773.0,1.0,745.5,861.75,1.0,-6.0725,6.0075
5646.0,-707.0,-311.25,1.0,-705.25,-380.0,1.0,775.0,971.0,1.0,779.0,881.0,1.0,-8.08,8.0375
5647.0,-706.5,-448.5,1.0,-702.0,-298.0,1.0,778.1363636363636,938.2727272727273,1.0,806.0,854.0,1.0,-9.2025,9.1575
5648.0,-693.0,-350.0,1.0,-699.0,-357.0,1.0,781.2727272727273,905.5454545454545,1.0,817.5,851.5,1.0,-9.40375,9.44875
5649.0,-690.5,-542.5,1.0,-698.25,-384.5,1.0,784.4090909090909,872.8181818181818,1.0,831.5,814.0,1.0,-8.355,8.44
5650.0,-692.5,-565.75,1.0,-700.0,-439.5,1.0,787.5454545454545,840.0909090909091,1.0,816.25,658.0,1.0,-8.0275,7.99375
5651.0,-692.0,-470.0,1.0,-706.75,-402.25,1.0,790.6818181818181,807.3636363636364,1.0,808.5,659.0,1.0,-6.07,6.029999999999999
5652.0,-720.0,-628.0,1.0,-724.0,-518.0,1.0,793.8181818181819,774.6363636363636,1.0,832.5,614.0,1.0,-5.1925,5.10375
5653.0,-733.75,-440.0,1.0,-751.75,-510.25,1.0,796.9545454545455,741.9090909090909,1.0,822.5,558.0,1.0,-4.005,3.96
5654.0,-752.5,-321.0,1.0,-764.0,-572.5,1.0,800.0909090909091,709.1818181818182,1.0,823.0,694.25,1.0,-3.5825,3.56
5655.0,-760.5,-494.5,1.0,-750.5,-569.0,1.0,803.2272727272727,676.4545454545455,1.0,820.5,703.5,1.0,-3.295,3.25
5656.0,-764.5,-346.0,1.0,-754.25,-471.75,1.0,806.3636363636364,643.7272727272727,1.0,815.0,602.0,1.0,-3.275,3.275
5657.0,-768.75,-396.0,1.0,-758.0,-429.0,1.0,809.5,611.0,1.0,804.25,754.0,1.0,-4.43,4.43
5658.0,-769.0,-370.0,1.0,-761.0,-362.5,1.0,810.0,611.5714285714286,1.0,809.5,612.0,1.0,-7.452500000000001,7.452500000000001
5659.0,-760.0,-357.0,1.0,-745.0,-214.5,1.0,810.5,612.1428571428571,1.0,803.0,827.75,1.0,-8.32,8.2975
5660.0,-740.5,-389.5,1.0,-703.5,-292.75,1.0,811.0,612.7142857142857,1.0,797.5,960.5,1.0,-9.36375,9.2975
5661.0,-685.5,-367.0,1.0,-698.5,-477.5,1.0,811.5,613.2857142857143,1.0,807.0,982.0,1.0,-9.315,9.295
5662.0,-670.5,-543.25,1.0,-702.0,-717.5,1.0,812.0,613.8571428571429,1.0,824.0,826.25,1.0,-7.005,6.97125
5663.0,-683.0,-397.5,1.0,-710.75,-820.75,1.0,812.5,614.4285714285714,1.0,809.5,659.5,1.0,-6.035,5.967499999999999
5664.0,-705.0,-559.0,1.0,-718.6,-744.1,1.0,813.0,615.0,1.0,806.0,797.75,1.0,-5.275,5.2075
5665.0,-730.0,-342.0,1.0,-726.45,-667.45,1.0,803.5,541.5,1.0,806.0,613.0,1.0,-4.48,4.48
5666.0,-741.0,-396.5,1.0,-734.3,-590.8,1.0,801.5,638.0,1.0,803.0,516.75,1.0,-4.48,4.48
5667.0,-751.5,-548.5,1.0,-742.15,-514.15,1.0,816.0,648.0,1.0,802.0,571.5,1.0,-4.51,4.51
5668.0,-745.5,-356.0,1.0,-750.0,-437.5,1.0,809.0,696.0,1.0,802.5,869.5,1.0,-4.99,4.99
5669.0,-756.5,-521.25,1.0,-753.0,-427.0,1.0,814.3333333333334,662.6666666666666,1.0,810.0,696.25,1.0,-5.585000000000001,5.585000000000001
5670.0,-753.0,-503.0,1.0,-748.25,-505.0,1.0,819.6666666666666,629.3333333333334,1.0,810.0,717.5,1.0,-5.515,5.4925
5671.0,-749.5,-510.5,1.0,-734.0,-459.5,1.0,825.0,596.0,1.0,823.5,744.5,1.0,-6.49,6.53
5672.0,-741.5,-375.5,1.0,-729.75,-427.25,1.0,827.0,609.2,1.0,816.0,733.5,1.0,-6.48,6.59
5673.0,-734.0,-265.0,1.0,-724.0,-376.0,1.0,829.0,622.4,1.0,815.5,650.0,1.0,-6.5,6.59
5674.0,-740.25,-495.75,1.0,-729.5,-450.0,1.0,831.0,635.6,1.0,823.25,676.75,1.0,-6.5,6.59
5675.0,-738.0,-455.0,1.0,-744.25,-377.5,1.0,833.0,648.8,1.0,838.0,736.5,1.0,-6.7475,6.815
5676.0,-730.75,-395.75,1.0,-749.5,-398.0,1.0,835.0,662.0,1.0,826.5,809.0,1.0,-7.41375,7.42375
5677.0,-728.5,-441.0,1.0,-753.0,-466.75,1.0,836.5,551.0,1.0,834.5,718.5,1.0,-8.1325,8.195
5678.0,-717.5,-247.0,1.0,-754.0,-479.5,1.0,848.0,506.0,1.0,840.75,764.75,1.0,-8.14625,8.294999999999998
5679.0,-714.25,-369.75,1.0,-743.0,-482.5,1.0,848.5,638.5,1.0,841.5,726.5,1.0,-8.46,8.4575
5680.0,-715.0,-475.5,1.0,-730.5,-458.5,1.0,849.0,771.0,1.0,849.5,685.5,1.0,-8.66,8.76
5681.0,-708.0,-354.0,1.0,-714.0,-291.5,1.0,847.3333333333334,717.3333333333334,1.0,834.0,713.25,1.0,-8.995000000000001,9.13
5682.0,-697.5,-364.5,1.0,-702.75,-424.5,1.0,845.6666666666666,663.6666666666666,1.0,843.5,812.0,1.0,-9.205,9.3625
5683.0,-700.5,-435.5,1.0,-709.0,-502.0,1.0,844.0,610.0,1.0,836.0,758.0,1.0,-9.14,9.32
5684.0,-695.25,-469.25,1.0,-709.25,-458.0,1.0,844.0,662.5,1.0,832.5,874.0,1.0,-9.4175,9.4625
5685.0,-703.0,-534.5,1.0,-723.0,-560.0,1.0,844.0,715.0,1.0,829.5,745.0,1.0,-9.5875,9.6325
5686.0,-699.25,-366.75,1.0,-732.5,-689.5,1.0,845.0,813.0,1.0,818.5,648.0,1.0,-9.49,9.6925
5687.0,-685.0,-314.5,1.0,-720.25,-648.0,1.0,846.0,911.0,1.0,836.5,932.5,1.0,-9.49,9.67
5688.0,-687.0,-461.5,1.0,-702.0,-557.0,1.0,844.8181818181819,881.0909090909091,1.0,836.25,731.0,1.0,-9.49,9.67
5689.0,-684.0,-238.0,1.0,-691.75,-414.25,1.0,843.6363636363636,851.1818181818181,1.0,825.5,831.5,1.0,-9.49,9.67
5690.0,-695.0,-542.0,1.0,-687.0,-314.0,1.0,842.4545454545455,821.2727272727273,1.0,840.75,1009.0,1.0,-9.49,9.67
5691.0,-691.5,-398.25,1.0,-697.0,-313.5,1.0,841.2727272727273,791.3636363636364,1.0,824.0,830.5,1.0,-9.49,9.67
5692.0,-692.5,-533.0,1.0,-703.5,-352.0,1.0,840.0909090909091,761.4545454545455,1.0,825.5,913.0,1.0,-9.49,9.67
5693.0,-694.25,-536.75,1.0,-694.5,-290.0,1.0,838.9090909090909,731.5454545454545,1.0,823.0,739.75,1.0,-9.49,9.67
5694.0,-687.0,-412.0,1.0,-700.25,-399.5,1.0,837.7272727272727,701.6363636363636,1.0,813.0,732.5,1.0,-9.49,9.67
5695.0,-692.5,-497.0,1.0,-697.0,-384.0,1.0,836.5454545454545,671.7272727272727,1.0,831.0,853.5,1.0,-9.49,9.67
5696.0,-680.75,-245.5,1.0,-701.0,-416.5,1.0,835.3636363636364,641.8181818181818,1.0,834.5,697.5,1.0,-9.52875,9.68625
5697.0,-686.0,-554.5,1.0,-706.5,-575.5,1.0,834.1818181818181,611.9090909090909,1.0,827.0,774.25,1.0,-8.84,8.975
5698.0,-699.0,-595.5,1.0,-717.0,-622.0,1.0,833.0,582.0,1.0,834.5,757.5,1.0,-6.52625,6.47125
5699.0,-718.0,-457.5,1.0,-729.0,-443.5,1.0,815.3333333333334,625.0,1.0,813.5,734.0,1.0,-3.3875,3.32
5700.0,-749.0,-448.0,1.0,-747.0,-424.5,1.0,797.6666666666666,668.0,1.0,783.0,528.25,1.0,-1.765,1.64125
5701.0,-780.0,-696.0,1.0,-775.5,-453.5,1.0,780.0,711.0,1.0,771.0,475.5,1.0,-0.13,0.0624999999999999
5702.0,-790.0,-604.5,1.0,-805.5,-689.0,1.0,777.0,637.0,1.0,775.75,592.0,1.0,0.68125,-0.7825
5703.0,-794.5,-450.5,1.0,-810.75,-747.75,1.0,774.5,600.5,1.0,782.5,595.0,1.0,1.165,-1.3225
5704.0,-796.0,-438.0,1.0,-799.5,-555.5,1.0,769.25,532.0,1.0,783.25,525.5,1.0,1.23,-1.32
5705.0,-809.5,-432.0,1.0,-787.5,-433.5,1.0,765.5,523.5,1.0,776.5,561.0,1.0,1.23,-1.32
5706.0,-819.0,-413.5,1.0,-806.25,-605.0,1.0,777.0,460.0,1.0,779.5,520.5,1.0,1.23,-1.32
5707.0,-831.25,-505.0,1.0,-814.5,-436.5,1.0,787.5,408.5,1.0,791.0,508.25,1.0,1.23,-1.32
5708.0,-846.5,-436.5,1.0,-838.25,-352.25,1.0,797.5,455.25,1.0,798.5,463.5,1.0,1.23,-1.32
5709.0,-842.0,-385.5,1.0,-845.0,-512.0,1.0,797.0,456.5,1.0,795.5,376.25,1.0,1.23,-1.32
5710.0,-836.0,-320.25,1.0,-834.0,-548.25,1.0,803.0,536.0,1.0,799.5,445.0,1.0,1.23,-1.32
5711.0,-843.0,-469.0,1.0,-841.0,-697.0,1.0,806.5,479.5,1.0,816.25,640.25,1.0,1.23,-1.32
5712.0,-835.75,-317.25,1.0,-837.0,-515.0,1.0,801.5,422.5,1.0,813.5,466.0,1.0,1.23,-1.32
5713.0,-839.0,-448.5,1.0,-823.25,-338.5,1.0,804.75,343.75,1.0,808.5,564.0,1.0,1.2725,-1.34
5714.0,-857.0,-396.5,1.0,-839.5,-366.5,1.0,815.5,359.5,1.0,817.0,503.0,1.0,1.15125,-1.185
5715.0,-861.0,-333.5,1.0,-854.25,-276.25,1.0,831.0,417.0,1.0,822.5,489.5,1.0,0.5575,-0.5575
5716.0,-859.5,-322.0,1.0,-869.5,-442.0,1.0,835.25,588.75,1.0,820.5,469.5,1.0,0.0974999999999999,-0.06375
5717.0,-854.25,-204.25,1.0,-853.5,-528.0,1.0,840.0,566.0,1.0,844.5,433.5,1.0,-0.2425,0.2199999999999999
5718.0,-853.5,-299.0,1.0,-848.5,-533.5,1.0,830.0,481.5,1.0,841.5,496.0,1.0,-0.65625,0.66875
5719.0,-837.75,-324.0,1.0,-841.0,-415.0,1.0,825.0,435.5,1.0,832.75,555.25,1.0,-1.4674999999999998,1.4874999999999998
5720.0,-823.0,-340.0,1.0,-809.75,-234.25,1.0,835.0,450.75,1.0,841.0,668.0,1.0,-2.4325,2.4775
5721.0,-818.0,-354.5,1.0,-807.0,-276.5,1.0,835.5,423.0,1.0,833.75,719.75,1.0,-2.9450000000000003,2.9450000000000003
5722.0,-801.25,-163.75,1.0,-799.25,-247.5,1.0,846.0,636.0,1.0,842.0,720.5,1.0,-4.93375,4.9425
5723.0,-788.5,-208.0,1.0,-788.0,-114.0,1.0,861.25,833.0,1.0,843.75,766.25,1.0,-8.255,8.1875
5724.0,-748.75,-213.25,1.0,-767.5,-322.5,1.0,893.0,871.0,1.0,889.5,756.5,1.0,-11.98375,11.9625
5725.0,-709.0,-549.0,1.0,-720.5,-385.0,1.0,888.0,841.75,1.0,896.0,664.0,1.0,-13.085,13.085
5726.0,-678.25,-244.25,1.0,-700.0,-343.5,1.0,883.0,812.5,1.0,890.5,783.25,1.0,-12.285,12.20875
5727.0,-693.0,-520.5,1.0,-701.25,-361.5,1.0,878.0,783.25,1.0,874.5,838.5,1.0,-10.3725,10.3275
5728.0,-702.0,-410.0,1.0,-707.5,-302.5,1.0,873.0,754.0,1.0,863.75,674.0,1.0,-8.66625,8.62375
5729.0,-719.0,-275.0,1.0,-723.0,-211.5,1.0,868.0,724.75,1.0,839.0,757.0,1.0,-8.1525,8.129999999999999
5730.0,-737.5,-471.0,1.0,-744.0,-297.0,1.0,863.0,695.5,1.0,843.0,630.75,1.0,-8.17,8.17
5731.0,-731.5,-430.25,1.0,-746.5,-357.5,1.0,858.0,666.25,1.0,848.0,739.0,1.0,-8.129999999999999,8.17
5732.0,-735.0,-339.0,1.0,-761.25,-540.5,1.0,853.0,637.0,1.0,844.5,635.5,1.0,-8.17,8.17
5733.0,-722.0,-195.5,1.0,-749.5,-635.5,1.0,846.3333333333334,620.3333333333334,1.0,854.75,774.25,1.0,-8.129999999999999,8.17
5734.0,-718.75,-260.25,1.0,-732.75,-574.25,1.0,839.6666666666666,603.6666666666666,1.0,836.0,806.5,1.0,-8.17,8.17
5735.0,-716.5,-417.0,1.0,-720.5,-503.0,1.0,833.0,587.0,1.0,833.5,675.0,1.0,-8.17,8.17
5736.0,-706.25,-503.25,1.0,-705.75,-330.0,1.0,835.5,586.5952380952381,1.0,810.5,642.0,1.0,-8.17,8.17
5737.0,-696.0,-467.0,1.0,-704.0,-391.0,1.0,838.0,586.1904761904761,1.0,816.5,763.0,1.0,-8.17,8.17
5738.0,-701.25,-497.0,1.0,-716.0,-432.0,1.0,840.5,585.7857142857143,1.0,830.5,732.75,1.0,-8.17,8.17
5739.0,-701.0,-337.5,1.0,-733.0,-406.75,1.0,843.0,585.3809523809524,1.0,830.0,691.0,1.0,-8.17,8.129999999999999
5740.0,-707.5,-545.5,1.0,-733.0,-495.5,1.0,845.5,584.9761904761905,1.0,828.0,780.0,1.0,-8.17,8.149999999999999
5741.0,-708.75,-446.5,1.0,-736.75,-593.0,1.0,848.0,584.5714285714286,1.0,841.5,741.0,1.0,-8.17,8.17
5742.0,-712.5,-312.0,1.0,-739.0,-586.0,1.0,850.5,584.1666666666666,1.0,842.0,800.0,1.0,-8.17,8.17
5743.0,-719.0,-336.75,1.0,-727.25,-477.75,1.0,853.0,583.7619047619048,1.0,857.5,711.5,1.0,-8.182500000000001,8.182500000000001
5744.0,-727.0,-542.0,1.0,-728.5,-405.0,1.0,855.5,583.3571428571429,1.0,838.0,523.0,1.0,-8.20125,8.20125
5745.0,-731.25,-500.0,1.0,-727.5,-358.5,1.0,858.0,582.952380952381,1.0,853.0,677.5,1.0,-8.2575,8.2575
5746.0,-731.5,-322.5,1.0,-739.0,-374.0,1.0,860.5,582.547619047619,1.0,859.5,637.5,1.0,-8.17,8.17
5747.0,-739.0,-483.5,1.0,-744.0,-347.0,1.0,863.0,582.1428571428571,1.0,860.25,682.75,1.0,-8.129999999999999,8.17
5748.0,-737.0,-380.25,1.0,-745.75,-366.25,1.0,865.5,581.7380952380952,1.0,862.5,745.5,1.0,-8.17,8.17
5749.0,-732.0,-176.0,1.0,-741.5,-433.5,1.0,868.0,581.3333333333334,1.0,862.25,693.25,1.0,-8.282499999999999,8.282499999999999
5750.0,-735.25,-340.25,1.0,-744.75,-374.75,1.0,870.5,580.9285714285714,1.0,851.0,547.0,1.0,-8.463750000000001,8.4525
5751.0,-734.5,-336.5,1.0,-736.5,-215.5,1.0,873.0,580.5238095238095,1.0,849.0,686.5,1.0,-8.44,8.44
5752.0,-735.0,-297.75,1.0,-736.5,-313.5,1.0,875.5,580.1190476190476,1.0,869.5,657.75,1.0,-8.44,8.44
5753.0,-738.5,-399.5,1.0,-738.0,-213.75,1.0,878.0,579.7142857142857,1.0,861.0,707.5,1.0,-8.44,8.44
5754.0,-741.0,-233.5,1.0,-751.0,-280.5,1.0,880.5,579.3095238095239,1.0,870.5,700.75,1.0,-8.44,8.44
5755.0,-744.75,-242.25,1.0,-769.25,-429.25,1.0,883.0,578.9047619047619,1.0,868.0,776.0,1.0,-8.44,8.44
5756.0,-745.0,-363.0,1.0,-771.5,-500.5,1.0,885.5,578.5,1.0,869.25,702.75,1.0,-8.44,8.44
5757.0,-735.25,-315.0,1.0,-767.5,-550.0,1.0,877.75,476.75,1.0,865.0,719.5,1.0,-8.4925,8.425
5758.0,-745.0,-366.0,1.0,-765.75,-442.75,1.0,870.0,375.0,1.0,871.0,559.5,1.0,-8.44,8.35
5759.0,-736.75,-362.25,1.0,-755.0,-424.0,1.0,866.5,403.9,1.0,870.25,525.5,1.0,-8.44,8.35
5760.0,-737.0,-209.0,1.0,-748.5,-307.0,1.0,863.0,432.8,1.0,879.5,722.5,1.0,-8.44,8.35
5761.0,-733.5,-356.5,1.0,-740.5,-197.0,1.0,859.5,461.7,1.0,869.5,646.0,1.0,-8.44,8.35
5762.0,-738.0,-329.25,1.0,-749.75,-193.5,1.0,856.0,490.6,1.0,868.0,879.5,1.0,-8.45625,8.377500000000001
5763.0,-744.5,-479.5,1.0,-755.5,-362.0,1.0,852.5,519.5,1.0,856.75,792.25,1.0,-8.344999999999999,8.2775
5764.0,-742.0,-487.75,1.0,-764.0,-554.5,1.0,849.0,548.4,1.0,857.0,586.5,1.0,-8.01375,7.90125
5765.0,-741.0,-224.0,1.0,-760.75,-556.0,1.0,845.5,577.3,1.0,843.0,531.0,1.0,-7.165,7.035
5766.0,-742.25,-286.25,1.0,-763.5,-645.5,1.0,842.0,606.2,1.0,849.25,700.5,1.0,-6.8125,6.7025
5767.0,-744.5,-442.0,1.0,-749.5,-631.0,1.0,838.5,635.0999999999999,1.0,847.5,573.0,1.0,-5.875,5.762499999999999
5768.0,-744.0,-471.5,1.0,-747.5,-517.5,1.0,835.0,664.0,1.0,829.75,589.25,1.0,-3.9975,3.9225
5769.0,-766.5,-428.25,1.0,-764.0,-462.75,1.0,814.6666666666666,552.6666666666666,1.0,819.5,717.5,1.0,-2.435,2.3075
5770.0,-773.0,-541.0,1.0,-761.0,-474.5,1.0,794.3333333333334,441.33333333333337,1.0,801.5,628.0,1.0,-1.8625,1.80125
5771.0,-775.5,-597.25,1.0,-771.0,-441.5,1.0,774.0,330.0,1.0,777.0,617.5,1.0,-0.5349999999999999,0.4225
5772.0,-786.0,-535.5,1.0,-797.5,-796.25,1.0,764.0,476.0,1.0,760.5,542.5,1.0,0.00625,-0.09625
5773.0,-783.0,-455.5,1.0,-796.0,-736.0,1.0,765.0,626.0,1.0,758.5,720.5,1.0,0.0,-0.09
5774.0,-766.0,-588.25,1.0,-773.5,-719.5,1.0,760.0,596.0,1.0,763.0,638.0,1.0,0.0,-0.09
5775.0,-754.5,-511.5,1.0,-756.5,-598.5,1.0,755.0,566.0,1.0,762.5,796.0,1.0,0.0,-0.09
5776.0,-753.5,-466.5,1.0,-749.0,-561.5,1.0,750.0,536.0,1.0,754.5,797.0,1.0,0.0,-0.09
5777.0,-760.0,-631.0,1.0,-749.75,-362.25,1.0,745.0,506.0,1.0,747.5,730.0,1.0,0.02,-0.0875
5778.0,-761.75,-438.25,1.0,-762.0,-568.0,1.0,740.0,476.0,1.0,741.0,659.0,1.0,-0.3025,0.0725
5779.0,-770.0,-543.0,1.0,-780.5,-576.5,1.0,745.0,675.0,1.0,740.0,730.5,1.0,-1.1324999999999998,1.155
5780.0,-767.0,-531.0,1.0,-777.0,-800.5,1.0,764.5,729.0,1.0,742.0,612.0,1.0,-1.77875,1.84625
5781.0,-752.25,-502.25,1.0,-768.25,-684.5,1.0,770.8125,708.375,1.0,755.0,601.0,1.0,-1.89,1.9575
5782.0,-747.0,-445.5,1.0,-758.0,-593.0,1.0,777.125,687.75,1.0,757.5,730.25,1.0,-2.0575,2.17875
5783.0,-743.5,-499.75,1.0,-745.5,-519.0,1.0,783.4375,667.125,1.0,766.5,701.0,1.0,-2.725,2.7475
5784.0,-727.5,-354.5,1.0,-728.0,-352.0,1.0,789.75,646.5,1.0,772.0,932.0,1.0,-4.23125,4.20625
5785.0,-704.75,-285.25,1.0,-702.5,-232.0,1.0,796.0625,625.875,1.0,762.25,1220.25,1.0,-8.1325,8.025
5786.0,-671.5,-231.5,1.0,-671.25,-337.5,1.0,802.375,605.25,1.0,765.5,920.0,1.0,-12.16625,12.03625
5787.0,-646.0,-593.0,1.0,-650.5,-374.5,1.0,808.6875,584.625,1.0,794.75,1068.5,1.0,-14.6875,14.625
5788.0,-594.5,-616.5,1.0,-620.0,-547.25,1.0,815.0,564.0,1.0,804.5,1002.0,1.0,-14.1525,14.1625
5789.0,-594.0,-557.0,1.0,-631.5,-550.0,1.0,811.75,597.125,1.0,811.5,949.0,1.0,-13.3375,13.315
5790.0,-599.5,-518.25,1.0,-635.0,-558.5,1.0,808.5,630.25,1.0,798.5,902.75,1.0,-12.7825,12.7375
5791.0,-607.0,-497.0,1.0,-628.75,-615.0,1.0,805.25,663.375,1.0,797.5,854.5,1.0,-11.135,11.09
5792.0,-633.75,-635.5,1.0,-643.5,-458.5,1.0,802.0,696.5,1.0,795.0,930.5,1.0,-10.5025,10.482500000000002
5793.0,-629.0,-435.0,1.0,-640.5,-580.0,1.0,798.75,729.625,1.0,786.5,1079.0,1.0,-10.46,10.46
5794.0,-630.5,-382.5,1.0,-637.5,-544.5,1.0,795.5,762.75,1.0,767.0,709.25,1.0,-10.4375,10.46
5795.0,-644.0,-652.5,1.0,-646.0,-415.75,1.0,792.25,795.875,1.0,771.0,893.5,1.0,-10.415,10.46
5796.0,-638.5,-472.0,1.0,-648.5,-535.0,1.0,789.0,829.0,1.0,779.5,944.0,1.0,-10.37,10.46
5797.0,-640.0,-580.0,1.0,-652.5,-600.0,1.0,788.0,827.5,1.0,782.5,869.5,1.0,-10.37,10.46
5798.0,-634.0,-673.0,1.0,-651.75,-674.0,1.0,787.0,826.0,1.0,791.0,1129.5,1.0,-10.37,10.46
5799.0,-625.0,-486.0,1.0,-629.0,-562.0,1.0,786.0,824.5,1.0,769.75,889.25,1.0,-10.37,10.46
5800.0,-623.0,-489.25,1.0,-645.0,-631.5,1.0,785.0,823.0,1.0,762.5,1092.0,1.0,-10.37,10.46
5801.0,-623.5,-686.0,1.0,-633.0,-634.0,1.0,784.0,821.5,1.0,757.0,956.25,1.0,-10.37,10.46
5802.0,-612.0,-491.5,1.0,-617.5,-511.5,1.0,783.0,820.0,1.0,752.0,1030.5,1.0,-10.37,10.37
5803.0,-618.0,-501.0,1.0,-634.25,-393.0,1.0,782.0,818.5,1.0,755.5,977.5,1.0,-10.0875,10.0875
5804.0,-636.5,-664.5,1.0,-646.5,-664.0,1.0,781.0,817.0,1.0,777.5,847.75,1.0,-9.195,9.08375
5805.0,-648.5,-679.5,1.0,-674.25,-531.75,1.0,775.75,741.25,1.0,779.5,721.5,1.0,-7.175,7.1075
5806.0,-665.0,-601.0,1.0,-705.0,-725.5,1.0,770.5,665.5,1.0,769.25,754.25,1.0,-5.62125,5.5425
5807.0,-684.25,-473.75,1.0,-707.25,-601.5,1.0,765.25,589.75,1.0,760.5,813.5,1.0,-5.17,5.125
5808.0,-691.0,-461.0,1.0,-695.5,-591.0,1.0,760.0,514.0,1.0,759.0,853.0,1.0,-4.6725,4.57125
5809.0,-690.75,-489.5,1.0,-692.5,-723.5,1.0,762.5,604.8333333333334,1.0,755.5,784.25,1.0,-4.31,4.175
5810.0,-697.5,-708.0,1.0,-690.25,-580.0,1.0,765.0,695.6666666666666,1.0,757.5,677.5,1.0,-4.22625,4.11375
5811.0,-710.5,-598.0,1.0,-695.5,-340.5,1.0,767.5,786.5,1.0,764.5,645.5,1.0,-4.13,4.13
5812.0,-711.5,-365.5,1.0,-712.0,-393.5,1.0,768.0,777.3478260869565,1.0,779.5,651.0,1.0,-4.13875,4.13875
5813.0,-727.0,-584.5,1.0,-729.0,-420.5,1.0,768.5,768.195652173913,1.0,778.75,794.75,1.0,-4.13,4.13
5814.0,-737.75,-571.75,1.0,-739.0,-485.5,1.0,769.0,759.0434782608695,1.0,789.5,810.0,1.0,-4.13,4.13
5815.0,-741.5,-406.0,1.0,-758.25,-611.25,1.0,769.5,749.8913043478261,1.0,800.0,722.0,1.0,-4.13,4.13
5816.0,-742.0,-319.0,1.0,-765.5,-701.0,1.0,770.0,740.7391304347826,1.0,798.5,760.25,1.0,-4.13,4.13
5817.0,-750.5,-393.75,1.0,-759.5,-565.5,1.0,770.5,731.5869565217391,1.0,798.0,673.0,1.0,-4.13,4.13
5818.0,-749.5,-349.5,1.0,-755.0,-460.5,1.0,771.0,722.4347826086956,1.0,812.75,704.0,1.0,-4.213749999999999,4.213749999999999
5819.0,-748.0,-356.5,1.0,-747.0,-425.5,1.0,771.5,713.2826086956521,1.0,806.0,574.5,1.0,-5.0225,5.0225
5820.0,-755.0,-525.0,1.0,-742.5,-289.75,1.0,772.0,704.1304347826087,1.0,806.5,684.5,1.0,-6.279999999999999,6.26
5821.0,-743.0,-374.0,1.0,-744.5,-328.0,1.0,772.5,694.9782608695652,1.0,826.25,756.0,1.0,-6.7275,6.795
5822.0,-739.0,-451.25,1.0,-750.0,-472.5,1.0,773.0,685.8260869565217,1.0,826.0,751.5,1.0,-6.68,6.77
5823.0,-734.5,-361.0,1.0,-752.5,-482.5,1.0,773.5,676.6739130434783,1.0,824.5,732.5,1.0,-6.68,6.77
5824.0,-727.5,-437.75,1.0,-747.0,-560.5,1.0,774.0,667.5217391304348,1.0,821.5,643.5,1.0,-6.71625,6.795
5825.0,-725.0,-485.5,1.0,-736.0,-575.25,1.0,774.5,658.3695652173913,1.0,810.5,642.0,1.0,-6.8075,6.875
5826.0,-721.0,-421.0,1.0,-730.0,-573.0,1.0,775.0,649.2173913043478,1.0,813.75,646.25,1.0,-6.86,6.77
5827.0,-715.75,-438.75,1.0,-718.25,-507.0,1.0,775.5,640.0652173913044,1.0,825.0,846.0,1.0,-6.86,6.77
5828.0,-710.0,-364.0,1.0,-715.0,-372.5,1.0,776.0,630.9130434782609,1.0,816.75,700.5,1.0,-6.86,6.77
5829.0,-715.0,-510.0,1.0,-725.5,-464.5,1.0,776.5,621.7608695652174,1.0,803.5,847.5,1.0,-6.86,6.94
5830.0,-708.0,-519.0,1.0,-723.0,-553.0,1.0,777.0,612.6086956521739,1.0,811.0,888.5,1.0,-6.8925,6.9625
5831.0,-702.5,-501.0,1.0,-722.0,-550.0,1.0,777.5,603.4565217391305,1.0,797.75,813.75,1.0,-6.86,6.94
5832.0,-697.0,-461.5,1.0,-719.5,-614.5,1.0,778.0,594.304347826087,1.0,787.0,803.0,1.0,-6.86,6.94
5833.0,-694.5,-486.0,1.0,-716.5,-709.5,1.0,778.5,585.1521739130435,1.0,788.0,855.5,1.0,-6.86,6.94
5834.0,-691.75,-323.5,1.0,-702.5,-506.5,1.0,779.0,576.0,1.0,791.75,804.75,1.0,-6.86,6.94
5835.0,-701.0,-637.5,1.0,-692.25,-431.75,1.0,778.952380952381,583.7142857142857,1.0,792.0,656.0,1.0,-6.86,6.94
5836.0,-695.5,-411.0,1.0,-698.0,-482.0,1.0,778.9047619047619,591.4285714285714,1.0,792.5,882.5,1.0,-6.86,6.94
5837.0,-700.5,-385.75,1.0,-717.0,-495.0,1.0,778.8571428571429,599.1428571428571,1.0,800.0,873.0,1.0,-6.86,6.94
5838.0,-710.0,-570.0,1.0,-724.0,-379.0,1.0,778.8095238095239,606.8571428571429,1.0,791.0,838.0,1.0,-6.86,6.94
5839.0,-709.75,-526.5,1.0,-732.5,-571.5,1.0,778.7619047619048,614.5714285714286,1.0,783.0,722.5,1.0,-6.86,6.94
5840.0,-704.0,-449.0,1.0,-727.75,-620.5,1.0,778.7142857142857,622.2857142857143,1.0,780.0,864.5,1.0,-6.86,6.94
5841.0,-699.5,-632.25,1.0,-711.5,-563.5,1.0,778.6666666666666,630.0,1.0,789.5,795.75,1.0,-6.86,6.94
5842.0,-689.0,-333.0,1.0,-691.75,-549.25,1.0,778.6190476190476,637.7142857142857,1.0,798.5,782.0,1.0,-6.86,6.94
5843.0,-693.0,-490.0,1.0,-689.0,-514.5,1.0,778.5714285714286,645.4285714285714,1.0,794.25,814.0,1.0,-6.880000000000001,6.94
5844.0,-693.0,-548.25,1.0,-693.5,-340.75,1.0,778.5238095238095,653.1428571428571,1.0,784.5,768.5,1.0,-6.86,6.94
5845.0,-690.5,-391.0,1.0,-702.0,-367.0,1.0,778.4761904761905,660.8571428571429,1.0,787.0,902.5,1.0,-6.86,6.94
5846.0,-696.75,-527.5,1.0,-704.5,-354.5,1.0,778.4285714285714,668.5714285714286,1.0,791.5,865.0,1.0,-6.86,6.94
5847.0,-693.0,-405.0,1.0,-705.0,-450.5,1.0,778.3809523809524,676.2857142857143,1.0,778.5,561.0,1.0,-6.86,6.94
5848.0,-702.5,-627.0,1.0,-707.0,-434.0,1.0,778.3333333333334,684.0,1.0,780.0,649.75,1.0,-6.86,6.94
5849.0,-705.25,-539.5,1.0,-701.25,-449.0,1.0,778.2857142857143,691.7142857142858,1.0,799.5,879.5,1.0,-6.86,6.94
5850.0,-703.0,-473.5,1.0,-706.0,-460.0,1.0,778.2380952380952,699.4285714285714,1.0,810.25,787.0,1.0,-6.86,6.94
5851.0,-702.0,-486.75,1.0,-705.25,-423.75,1.0,778.1904761904761,707.1428571428571,1.0,805.0,739.5,1.0,-6.86,6.92
5852.0,-696.0,-437.5,1.0,-706.0,-524.0,1.0,778.1428571428571,714.8571428571429,1.0,790.0,808.5,1.0,-6.7925,6.862500000000001
5853.0,-691.5,-513.5,1.0,-698.5,-403.0,1.0,778.0952380952381,722.5714285714286,1.0,787.0,825.25,1.0,-5.68,5.595
5854.0,-698.0,-777.0,1.0,-710.25,-574.5,1.0,778.047619047619,730.2857142857142,1.0,777.0,688.0,1.0,-3.88375,3.78875
5855.0,-716.0,-511.5,1.0,-736.5,-656.0,1.0,778.0,738.0,1.0,761.0,592.0,1.0,-1.175,1.04
5856.0,-750.5,-587.0,1.0,-755.0,-633.25,1.0,770.5,699.1666666666666,1.0,753.0,572.5,1.0,-0.1937499999999999,0.115
5857.0,-760.5,-588.0,1.0,-754.5,-771.0,1.0,763.0,660.3333333333334,1.0,750.25,579.0,1.0,0.2674999999999999,-0.29
5858.0,-767.0,-550.5,1.0,-751.5,-662.5,1.0,755.5,621.5,1.0,749.0,659.5,1.0,0.415,-0.51625
5859.0,-761.5,-514.5,1.0,-756.25,-686.5,1.0,748.0,582.6666666666666,1.0,746.5,600.0,1.0,0.7025,-0.7849999999999999
5860.0,-760.0,-568.0,1.0,-750.0,-650.0,1.0,740.5,543.8333333333333,1.0,739.0,736.75,1.0,0.6799999999999999,-0.7
5861.0,-758.75,-538.25,1.0,-756.5,-674.5,1.0,733.0,505.0,1.0,740.0,821.5,1.0,0.8,-0.8
5862.0,-764.0,-543.5,1.0,-758.0,-599.5,1.0,743.0,628.5,1.0,741.25,714.75,1.0,0.7,-0.745
5863.0,-770.75,-651.75,1.0,-766.0,-608.5,1.0,753.0,752.0,1.0,747.5,667.5,1.0,0.7,-0.79
5864.0,-770.5,-588.5,1.0,-769.5,-742.0,1.0,745.0,756.0,1.0,755.5,556.5,1.0,0.7,-0.79
5865.0,-768.5,-637.0,1.0,-768.0,-674.5,1.0,683.9,652.1,1.0,752.5,684.5,1.0,0.7,-0.79
5866.0,-765.5,-515.0,1.0,-765.0,-752.0,1.0,622.8,548.2,1.0,756.0,601.0,1.0,0.7,-0.79
5867.0,-759.0,-292.0,1.0,-762.0,-609.5,1.0,561.7,444.29999999999995,1.0,749.5,83.25,1.0,0.7424999999999999,-0.81
5868.0,-651.0,572.75,1.0,-616.5,679.25,1.0,500.6,340.4,1.0,646.5,-516.0,1.0,0.6612499999999999,-0.74
5869.0,-517.0,288.0,1.0,-462.5,416.0,1.0,439.5,236.5,1.0,437.5,-194.5,1.0,0.5575,-0.5125
5870.0,-306.25,64.75,1.0,-334.5,103.5,1.0,287.0,-52.0,1.0,297.5,-39.5,1.0,0.5075,-0.44
5871.0,-170.5,3.0,1.0,-171.5,20.75,1.0,148.75,-37.75,1.0,173.0,-42.5,1.0,0.44,-0.44
5872.0,-79.5,-24.0,1.0,-62.5,-17.0,1.0,52.0,1.5,1.0,55.75,-19.5,1.0,0.44,-0.44
5873.0,-5.5,-24.0,1.0,-6.75,-41.0,1.0,7.0,10.5,1.0,5.0,-25.5,1.0,0.44,-0.44
5874.0,-1.0,-25.5,1.0,-1.0,-17.0,1.0,0.0,-18.0,1.0,0.25,-21.0,1.0,0.44,-0.44
5875.0,-0.25,-13.0,1.0,0.0,-26.5,1.0,0.0,-18.0,1.0,0.0,-1.0,1.0,0.44,-0.44
5876.0,0.0,-19.0,1.0,0.0,-17.0,1.0,0.0,-8.25,1.0,0.0,8.0,1.0,0.44,-0.44
5877.0,0.0,-11.0,1.0,0.0,-11.0,1.0,0.0,1.5,1.0,0.0,-4.25,1.0,0.44,-0.44
5878.0,0.0,-19.0,1.0,0.0,-4.0,1.0,0.0,-21.0,1.0,0.0,-16.5,1.0,0.44,-0.44
5879.0,0.0,-24.5,1.0,0.0,-26.5,1.0,0.0,15.5,1.0,0.0,-10.75,1.0,0.44,-0.44
5880.0,0.0,-30.75,1.0,0.0,-24.25,1.0,0.0,10.5,1.0,0.0,-5.5,1.0,0.44,-0.44
5881.0,0.0,-14.5,1.0,0.0,-31.5,1.0,0.0,4.5,1.0,0.0,1.5,1.0,0.44,-0.44
5882.0,0.0,-14.5,1.0,0.0,-31.5,1.0,0.0,4.5,1.0,0.0,1.5,1.0,0.44,-0.44
